merchant_id,business_category,account_age_days,monthly_txn_count,avg_transaction_value,monthly_txn_volume,refund_rate,chargeback_rate,volume_growth_rate_30d,customer_complaint_count,risk_score,is_risky
M00000,Travel,1136,2691,10077.96,27119799.2,0.0224,0.0231,3.89,2,30.48,0
M00001,Electronics,1469,3512,3936.73,13825780.74,0.0449,0.011,-19.8,1,11.41,0
M00002,Services,870,2468,2172.67,5362143.51,0.1541,0.0115,29.79,0,62.99,0
M00003,Healthcare,1304,490,6126.21,3001844.57,0.0836,0.0128,-5.33,2,22.99,0
M00004,Retail,1140,1968,3885.86,7647365.45,0.1225,0.0433,-12.78,1,37.79,0
M00005,Education,1105,3919,4787.56,18762450.21,0.083,0.018,33.08,2,59.23,0
M00006,Travel,1734,2030,8576.65,17410596.58,0.1321,0.01,15.58,0,33.53,0
M00007,Electronics,1054,3820,4020.18,15357080.97,0.2008,0.0071,-18.95,4,31.9,0
M00008,Travel,1648,4138,6915.68,28617073.38,0.1799,0.0264,5.19,2,50.58,0
M00009,Food & Beverage,131,3816,2160.02,8242652.67,0.021,0.026,-14.11,3,33.46,0
M00010,Education,476,4008,1392.16,5579774.98,0.0722,0.0239,-25.93,1,30.27,0
M00011,Services,1248,254,3328.86,845531.48,0.0952,0.0243,-27.75,1,45.7,0
M00012,Healthcare,340,948,2993.56,2837891.01,0.049,0.0081,22.6,3,61.1,0
M00013,Healthcare,1492,3627,6889.3,24987506.56,0.0093,0.0591,-14.35,2,39.12,0
M00014,Healthcare,97,542,8966.44,4859812.29,0.0456,0.0036,-19.08,1,30.77,0
M00015,Education,1406,3543,8808.43,31208260.92,0.1096,0.0248,-0.15,2,43.16,0
M00016,Retail,1133,4546,234.18,1064585.03,0.1556,0.0163,69.68,3,100.0,1
M00017,Gaming,881,4908,1103.76,5417252.03,0.1595,0.015,17.18,1,58.49,0
M00018,Fashion,1697,1649,2163.03,3566831.92,0.1198,0.0514,26.02,1,62.16,0
M00019,Crypto/Trading,140,4648,2217.4,10306472.96,0.1909,0.0379,-18.18,3,72.29,1
M00020,Electronics,1695,1336,1603.08,2141719.51,0.039,0.0502,16.2,2,50.24,0
M00021,Retail,1342,2877,2194.88,6314657.0,0.0617,0.0133,5.38,5,42.23,0
M00022,Services,779,1144,8903.2,10185255.34,0.0165,0.0386,-12.08,2,33.18,0
M00023,Electronics,353,2607,6271.7,16350317.33,0.1108,0.0144,0.06,3,53.4,0
M00024,Healthcare,1525,1043,1715.42,1789180.58,0.0216,0.03,-10.56,0,18.39,0
M00025,Travel,1447,1398,2703.09,3778918.67,0.1596,0.0124,8.8,2,45.67,0
M00026,Services,815,3394,4087.64,13873441.04,0.1247,0.0089,0.09,1,22.63,0
M00027,Electronics,395,1539,468.17,720516.11,0.1291,0.0685,-10.5,3,65.02,1
M00028,Healthcare,1225,246,2684.02,660269.73,0.0647,0.0251,-0.66,4,46.42,0
M00029,Electronics,965,4988,2640.63,13171455.36,0.1906,0.0051,27.16,3,77.98,1
M00030,Travel,286,911,2564.16,2335954.0,0.1595,0.0421,-23.43,3,66.74,1
M00031,Healthcare,1194,4092,6373.01,26078371.76,0.0731,0.0233,-8.25,0,23.87,0
M00032,Gaming,469,2277,2554.71,5817068.16,0.0571,0.0339,13.56,1,52.5,0
M00033,Retail,1347,2808,391.68,1099839.23,0.0756,0.0259,-9.71,1,12.09,0
M00034,Food & Beverage,31,416,6753.99,2809658.41,0.0077,0.0667,36.65,1,80.95,1
M00035,Crypto/Trading,262,2098,1916.47,4020747.64,0.054,0.0097,33.92,4,58.53,0
M00036,Education,757,4764,1410.63,6720245.47,0.0877,0.0245,35.25,2,68.87,1
M00037,Crypto/Trading,866,4444,1991.04,8848171.24,0.0457,0.1343,21.4,0,90.74,1
M00038,Services,1594,3257,9108.66,29666906.64,0.1416,0.0129,29.42,4,63.21,0
M00039,Crypto/Trading,484,3913,692.27,2708861.3,0.0904,0.0202,5.6,2,53.26,0
M00040,Healthcare,1092,2025,4472.37,9056545.43,0.0742,0.0351,-9.13,2,35.2,0
M00041,Gaming,520,2036,2222.97,4525975.2,0.0133,0.0545,-7.69,4,44.77,0
M00042,Food & Beverage,1715,3191,4353.52,13892068.32,0.0178,0.0975,-33.78,3,58.53,0
M00043,Retail,1509,2688,793.18,2132078.52,0.0077,0.1091,-3.73,2,52.85,0
M00044,Retail,709,1898,2795.83,5306494.73,0.0609,0.0402,-2.25,2,54.91,0
M00045,Travel,985,1216,2695.72,3277993.83,0.1139,0.0277,0.74,1,42.02,0
M00046,Education,1816,1792,2695.66,4830615.36,0.1148,0.006,68.06,2,86.32,1
M00047,Electronics,199,181,907.22,164207.23,0.0374,0.0308,-13.14,3,52.4,0
M00048,Gaming,967,3996,1722.2,6881928.64,0.0598,0.026,-0.48,5,44.1,0
M00049,Electronics,696,1771,3349.59,5932117.25,0.0339,0.122,58.86,5,100.0,1
M00050,Food & Beverage,967,795,170.9,135867.81,0.0627,0.0151,-12.2,1,33.82,0
M00051,Crypto/Trading,572,959,756.83,725797.54,0.1244,0.0397,-20.74,1,61.34,0
M00052,Retail,1909,3240,3054.82,9897623.66,0.2135,0.0169,0.23,0,37.77,0
M00053,Food & Beverage,1600,559,3656.32,2043880.46,0.0596,0.0421,-12.28,2,43.74,0
M00054,Crypto/Trading,1277,4937,2384.65,11773036.98,0.137,0.0066,32.31,1,49.9,0
M00055,Retail,841,1481,3285.78,4866243.99,0.063,0.0225,8.76,2,44.24,0
M00056,Crypto/Trading,1538,375,1852.13,694548.38,0.0662,0.0073,-22.34,1,18.18,0
M00057,Education,1164,3624,6298.33,22825154.14,0.1204,0.0185,12.98,0,31.59,0
M00058,Gaming,1518,3343,8570.54,28651314.78,0.0412,0.0501,9.85,4,54.09,0
M00059,Services,1852,254,823.57,209185.69,0.0068,0.0102,-29.33,2,5.48,0
M00060,Food & Beverage,656,1568,1570.91,2463193.64,0.0677,0.0464,16.15,1,61.1,0
M00061,Food & Beverage,30,2116,5906.04,12497182.43,0.0861,0.0709,17.48,2,72.99,1
M00062,Fashion,850,4233,2521.94,10675357.9,0.13,0.1008,-28.65,1,60.92,0
M00063,Healthcare,176,2121,5049.41,10709807.36,0.1519,0.0071,-25.29,1,41.16,0
M00064,Education,1307,1693,16674.2,28229424.97,0.0393,0.0089,-3.75,2,30.66,0
M00065,Education,397,2120,2172.57,4605853.5,0.056,0.0224,-10.55,3,41.11,0
M00066,Electronics,610,3677,2568.36,9443866.33,0.17,0.0975,19.91,1,97.63,1
M00067,Crypto/Trading,325,4673,105.19,491539.25,0.0433,0.014,-5.82,2,35.98,0
M00068,Healthcare,23,3616,8182.25,29587008.06,0.0175,0.0749,0.6,3,62.64,0
M00069,Gaming,251,3768,5292.06,19940470.39,0.0357,0.033,-21.46,1,54.02,0
M00070,Gaming,786,3193,5650.63,18042447.14,0.0609,0.0586,28.71,1,70.33,1
M00071,Education,1379,1835,3760.61,6900720.01,0.1376,0.0741,-13.99,0,41.24,0
M00072,Gaming,574,3861,2472.13,9544891.0,0.0811,0.0229,-20.79,2,38.59,0
M00073,Fashion,907,2025,6518.29,13199538.93,0.1291,0.0936,6.29,0,73.32,1
M00074,Food & Beverage,1373,4513,1089.74,4917993.85,0.0632,0.0144,31.84,2,42.89,0
M00075,Travel,101,694,7260.87,5039043.37,0.0556,0.1083,16.32,0,81.8,1
M00076,Services,1400,406,1783.94,724280.61,0.0207,0.0133,-9.11,2,18.63,0
M00077,Electronics,965,2178,2505.49,5456950.08,0.1027,0.0546,-5.13,2,67.79,1
M00078,Crypto/Trading,1488,2681,3486.9,9348391.0,0.0032,0.0246,-28.74,7,31.02,0
M00079,Services,1461,2084,3470.25,7232005.75,0.0592,0.0869,53.12,2,100.0,1
M00080,Crypto/Trading,518,3871,4768.04,18457083.58,0.1204,0.0236,43.79,3,85.2,1
M00081,Retail,785,3273,993.76,3252585.3,0.1458,0.0142,12.21,3,65.36,1
M00082,Services,1976,4999,3237.92,16186353.45,0.0216,0.0404,4.7,1,37.56,0
M00083,Travel,44,4656,4489.24,20901880.59,0.3614,0.0262,-23.15,2,93.3,1
M00084,Education,215,4286,925.46,3966527.1,0.0357,0.0413,1.35,1,43.34,0
M00085,Fashion,1114,759,2566.04,1947620.85,0.1251,0.1174,27.28,1,100.0,1
M00086,Food & Beverage,1965,1421,8639.36,12276524.57,0.066,0.018,23.23,1,27.31,0
M00087,Food & Beverage,1595,3279,2276.58,7464896.56,0.065,0.012,-6.26,1,22.99,0
M00088,Fashion,1905,2297,6268.87,14399602.9,0.1348,0.0099,25.02,5,50.16,0
M00089,Healthcare,1421,3924,3137.55,12311748.08,0.1104,0.0249,33.93,3,74.85,1
M00090,Retail,1035,3943,10246.87,40403411.97,0.034,0.0408,5.86,0,36.54,0
M00091,Crypto/Trading,1031,4234,2912.67,12332243.43,0.1527,0.0529,29.55,1,79.82,1
M00092,Travel,1423,3247,3436.53,11158398.93,0.1277,0.0454,46.26,0,77.13,1
M00093,Gaming,575,2851,6390.41,18219066.97,0.0696,0.0136,52.88,2,83.86,1
M00094,Services,1139,3778,1475.62,5574903.23,0.0357,0.1004,-10.01,2,45.85,0
M00095,Retail,1805,2532,2104.18,5327795.13,0.0782,0.0288,16.08,1,56.3,0
M00096,Services,1855,2171,12090.31,26248059.13,0.0657,0.0144,22.58,3,42.99,0
M00097,Travel,1510,3695,1890.17,6984173.93,0.1205,0.09,4.53,2,58.22,0
M00098,Electronics,712,2765,3608.52,9977549.41,0.3251,0.0195,36.09,2,83.28,1
M00099,Electronics,411,3886,4826.42,18755460.77,0.074,0.0553,6.4,1,55.9,0
M00100,Retail,739,3784,9564.76,36193064.74,0.0529,0.0221,1.18,1,35.18,0
M00101,Education,1589,2242,545.85,1223791.65,0.0554,0.0723,-27.86,0,43.78,0
M00102,Travel,171,2812,1229.93,3458568.22,0.052,0.0103,-37.25,4,30.61,0
M00103,Travel,211,1717,5615.94,9642576.12,0.0765,0.0723,-3.75,2,54.43,0
M00104,Fashion,1991,3482,9710.98,33813640.25,0.0634,0.0525,-67.52,2,47.43,0
M00105,Education,1005,4083,5644.46,23046343.65,0.0956,0.0251,36.11,1,53.79,0
M00106,Crypto/Trading,279,1544,1069.57,1651422.85,0.0399,0.0701,27.22,4,85.91,1
M00107,Crypto/Trading,1896,4780,2130.7,10184729.79,0.0741,0.03,22.25,2,44.88,0
M00108,Gaming,825,52,5545.27,288354.06,0.1732,0.0503,32.82,4,91.81,1
M00109,Food & Beverage,1304,4045,1301.19,5263321.06,0.0602,0.0134,-1.89,0,19.16,0
M00110,Electronics,465,2586,7608.53,19675647.08,0.1332,0.0148,10.53,3,54.36,0
M00111,Crypto/Trading,1495,2823,3493.14,9861132.69,0.2544,0.0779,-4.28,4,81.8,1
M00112,Education,1760,3916,860.42,3369420.24,0.1816,0.0259,32.73,3,83.18,1
M00113,Travel,1285,3729,5098.33,19011662.15,0.1326,0.0238,-58.79,6,51.32,0
M00114,Crypto/Trading,1026,739,2703.01,1997526.95,0.1956,0.0708,32.72,1,86.83,1
M00115,Travel,1735,4599,2095.22,9635925.89,0.1005,0.057,-40.52,3,48.85,0
M00116,Crypto/Trading,305,992,1398.46,1387268.61,0.271,0.0183,-0.15,1,59.45,0
M00117,Electronics,1758,3738,2585.04,9662868.56,0.056,0.022,-21.24,2,16.92,0
M00118,Services,729,4422,2847.29,12590729.27,0.0514,0.0391,1.6,2,54.96,0
M00119,Crypto/Trading,1782,4572,3892.96,17798591.16,0.0201,0.0107,-8.82,0,8.01,0
M00120,Education,347,2227,1312.71,2923396.58,0.0501,0.0844,-4.62,4,59.58,0
M00121,Crypto/Trading,888,4446,1523.97,6775585.06,0.0675,0.0061,18.68,1,40.8,0
M00122,Food & Beverage,1086,4340,8308.72,36059856.72,0.0296,0.0084,10.62,3,34.96,0
M00123,Electronics,801,3050,928.21,2831038.33,0.0713,0.0463,29.98,0,63.52,0
M00124,Education,1955,3595,6047.53,21740869.74,0.1036,0.0083,15.46,3,36.77,0
M00125,Fashion,226,3136,582.1,1825451.13,0.1252,0.0357,-34.73,3,48.69,0
M00126,Education,773,3305,5923.54,19577308.61,0.0933,0.0256,63.79,2,90.21,1
M00127,Food & Beverage,197,663,733.76,486484.83,0.2015,0.0648,-44.64,1,70.83,1
M00128,Services,389,4731,6001.88,28394895.54,0.1082,0.0122,12.86,0,46.53,0
M00129,Electronics,502,214,2438.03,521739.32,0.1815,0.0217,23.4,2,78.99,1
M00130,Fashion,1074,4016,2396.55,9624533.17,0.008,0.0348,12.32,2,54.27,0
M00131,Food & Beverage,1190,508,11693.35,5940223.15,0.114,0.0256,-0.0,5,56.62,0
M00132,Food & Beverage,24,2224,900.67,2003087.41,0.0903,0.019,42.16,4,64.9,0
M00133,Retail,1846,2677,2427.04,6497173.39,0.0506,0.0669,33.08,3,73.12,1
M00134,Electronics,74,3296,4474.58,14748210.2,0.1027,0.0262,4.47,0,60.84,0
M00135,Education,1890,1122,5168.52,5799074.06,0.0165,0.041,-6.23,4,30.84,0
M00136,Travel,1872,1261,9714.2,12249603.52,0.143,0.016,-15.43,0,41.59,0
M00137,Services,530,535,683.68,365766.99,0.1874,0.0207,-13.44,1,45.27,0
M00138,Travel,1377,412,8801.49,3626212.32,0.0778,0.0111,3.5,2,24.12,0
M00139,Education,1162,650,1318.92,857296.62,0.0528,0.0287,-36.39,2,32.43,0
M00140,Education,657,3736,1494.83,5584667.93,0.1615,0.0113,4.83,1,47.85,0
M00141,Electronics,1505,1867,6596.3,12315301.12,0.0352,0.0004,25.08,3,46.13,0
M00142,Education,1096,2675,7759.65,20757064.97,0.0207,0.0035,-9.08,2,19.55,0
M00143,Retail,1172,999,1610.95,1609341.79,0.0388,0.0627,4.43,1,44.87,0
M00144,Fashion,1532,4549,5395.61,24544638.99,0.116,0.0302,12.69,4,76.13,1
M00145,Education,602,3422,2421.27,8285568.87,0.0927,0.0103,17.11,6,57.48,0
M00146,Travel,401,3891,2938.62,11434186.45,0.0667,0.029,-0.0,6,65.9,1
M00147,Education,1708,297,2418.51,718296.68,0.1594,0.0106,49.02,1,76.59,1
M00148,Retail,428,252,907.4,228665.63,0.1079,0.0019,5.09,3,42.81,0
M00149,Crypto/Trading,298,1572,3373.16,5302611.62,0.0516,0.0599,-28.24,3,59.79,0
M00150,Crypto/Trading,388,3290,2052.09,6751371.55,0.0692,0.0275,-4.64,4,42.95,0
M00151,Food & Beverage,1806,2429,7547.64,18333227.95,0.0626,0.0307,37.45,1,57.28,0
M00152,Services,1523,3532,4734.59,16722559.73,0.164,0.0141,35.49,3,72.39,1
M00153,Gaming,240,45,6106.39,274787.46,0.1606,0.0612,-37.99,2,75.99,1
M00154,Fashion,1027,480,2655.66,1274718.33,0.0323,0.0255,-2.44,3,32.83,0
M00155,Healthcare,50,3784,2400.2,9082341.29,0.1073,0.0321,-8.19,6,79.77,1
M00156,Food & Beverage,1061,3451,2950.03,10180536.74,0.0193,0.0186,24.48,1,35.23,0
M00157,Services,144,3503,11190.36,39199832.55,0.0168,0.0138,-23.45,1,24.07,0
M00158,Crypto/Trading,210,2014,1293.81,2605739.91,0.0804,0.0062,44.0,1,72.55,1
M00159,Travel,1873,510,2456.22,1252674.12,0.1368,0.0204,-31.75,2,29.49,0
M00160,Healthcare,789,1092,2299.96,2511553.04,0.0236,0.0695,1.5,7,71.01,1
M00161,Services,939,3193,5935.98,18953592.36,0.0512,0.0105,-25.12,2,39.01,0
M00162,Services,1066,235,3452.51,811339.18,0.0826,0.0576,21.42,2,63.77,0
M00163,Food & Beverage,1081,1743,1960.59,3417304.29,0.1974,0.0331,-46.45,3,61.73,0
M00164,Healthcare,512,1612,6850.78,11043462.16,0.15,0.0465,0.71,1,64.76,0
M00165,Electronics,416,2626,7659.23,20113133.69,0.0673,0.0582,0.22,2,62.44,0
M00166,Gaming,1607,178,8311.65,1479474.53,0.0796,0.0183,-17.4,1,54.03,0
M00167,Electronics,1761,4801,2690.09,12915138.42,0.071,0.0211,35.47,2,45.0,0
M00168,Healthcare,814,3333,4677.84,15591239.17,0.0259,0.0735,47.59,2,100.0,1
M00169,Electronics,108,2861,2488.63,7119960.26,0.0181,0.0414,-5.07,2,39.04,0
M00170,Retail,693,1796,4207.25,7556216.58,0.231,0.0628,8.23,2,80.6,1
M00171,Crypto/Trading,1905,2072,4498.84,9321588.66,0.0236,0.0978,-10.43,1,47.75,0
M00172,Retail,735,2315,2415.33,5591487.03,0.1524,0.0466,-26.58,1,57.66,0
M00173,Education,1580,1716,2956.42,5073219.61,0.0435,0.0353,-22.94,3,43.84,0
M00174,Electronics,970,3013,1662.26,5008394.2,0.1685,0.0551,-22.28,2,51.85,0
M00175,Education,1772,2489,1277.22,3179006.08,0.0871,0.0349,36.23,5,49.47,0
M00176,Travel,622,1966,3296.41,6480737.06,0.1025,0.0255,15.75,2,73.42,1
M00177,Fashion,1976,3829,3008.52,11519621.8,0.065,0.0422,-18.83,2,21.37,0
M00178,Travel,1495,2803,2419.05,6780593.41,0.0337,0.0094,-16.59,2,27.89,0
M00179,Healthcare,652,3664,5458.75,20000876.19,0.0089,0.016,-19.93,1,35.38,0
M00180,Services,1802,2520,3421.81,8622958.12,0.1173,0.0771,-41.96,2,65.48,1
M00181,Crypto/Trading,1038,3665,3788.79,13885913.43,0.103,0.0393,17.98,1,62.25,0
M00182,Electronics,1251,2665,8771.62,23376361.74,0.1907,0.0101,1.82,3,56.54,0
M00183,Food & Beverage,512,2369,8089.04,19162926.1,0.0063,0.0183,47.74,2,63.17,0
M00184,Fashion,776,1952,4928.17,9619795.1,0.0541,0.0124,-47.09,1,12.99,0
M00185,Gaming,407,3314,6551.35,21711161.92,0.0384,0.0124,26.21,0,44.85,0
M00186,Gaming,880,1777,557.29,990297.51,0.08,0.0283,28.42,2,58.91,0
M00187,Gaming,804,1136,5503.67,6252167.81,0.2309,0.0142,31.71,3,79.1,1
M00188,Electronics,402,2587,2959.73,7656830.55,0.0623,0.0399,11.14,0,50.61,0
M00189,Gaming,216,3519,5371.48,18902250.88,0.0233,0.0375,28.07,1,46.21,0
M00190,Retail,1048,512,1696.18,868444.64,0.1026,0.0542,12.64,0,66.73,1
M00191,Fashion,1891,3326,2354.51,7831089.99,0.1829,0.0198,-13.71,1,38.89,0
M00192,Retail,1587,639,2174.37,1389421.62,0.1794,0.0284,-5.03,2,44.45,0
M00193,Services,901,3252,2823.82,9183068.78,0.0157,0.0063,-5.7,5,28.4,0
M00194,Fashion,1494,3843,5702.54,21914856.7,0.0509,0.0127,34.1,1,46.79,0
M00195,Retail,1724,2400,1307.23,3137357.14,0.0156,0.0753,36.99,3,65.54,1
M00196,Fashion,1608,1566,3109.81,4869969.05,0.2802,0.0087,25.36,0,61.41,0
M00197,Services,873,4978,3682.85,18333225.37,0.2132,0.0443,6.53,3,64.76,0
M00198,Education,752,3583,992.52,3556199.33,0.0856,0.0343,-46.44,1,30.68,0
M00199,Electronics,1274,1625,3620.04,5882562.47,0.0929,0.0904,25.59,2,76.99,1
M00200,Electronics,573,3772,1883.51,7104606.94,0.1015,0.0926,24.54,1,87.99,1
M00201,Gaming,1030,4695,3010.64,14134935.37,0.1067,0.0214,12.12,3,61.76,0
M00202,Travel,105,1910,6956.52,13286947.59,0.033,0.0735,16.98,2,60.29,0
M00203,Gaming,1933,1295,2979.75,3858781.35,0.0458,0.0556,-15.29,2,43.1,0
M00204,Healthcare,1767,2763,7675.73,21208044.2,0.0146,0.0151,-3.58,1,0.69,0
M00205,Retail,494,2513,2511.02,6310191.27,0.0827,0.0336,-15.52,2,47.67,0
M00206,Fashion,1440,376,1596.9,600435.67,0.1277,0.0646,1.12,2,45.34,0
M00207,Travel,240,889,4486.5,3988502.73,0.0856,0.0451,26.93,2,65.89,1
M00208,Services,758,905,3883.5,3514571.94,0.2185,0.0924,15.97,1,100.0,1
M00209,Healthcare,1688,2021,4938.05,9979801.8,0.0427,0.0472,-21.11,1,33.86,0
M00210,Services,1204,1303,2254.21,2937240.74,0.0692,0.0161,50.8,1,74.42,1
M00211,Electronics,550,639,5418.13,3462182.91,0.0377,0.0298,9.33,1,35.09,0
M00212,Electronics,1069,902,1670.01,1506350.59,0.1681,0.0266,-11.85,3,62.15,0
M00213,Gaming,534,816,15911.46,12983747.37,0.1302,0.0361,-2.53,1,64.13,0
M00214,Retail,1193,3662,5470.97,20034706.92,0.0131,0.0323,-8.87,2,30.82,0
M00215,Travel,1872,3445,5966.1,20553219.17,0.0589,0.0406,10.65,0,20.59,0
M00216,Crypto/Trading,1732,1316,6241.22,8213442.49,0.0734,0.0342,-28.07,2,17.92,0
M00217,Healthcare,1276,4734,5712.28,27041945.85,0.0929,0.0339,12.36,1,48.85,0
M00218,Healthcare,1119,264,1369.63,361582.66,0.1144,0.0389,26.0,3,66.76,1
M00219,Gaming,1829,2915,3673.61,10708573.53,0.1719,0.0065,21.49,1,42.31,0
M00220,Electronics,587,949,2789.67,2647400.31,0.1956,0.0071,11.62,4,66.29,1
M00221,Gaming,691,539,4118.86,2220066.93,0.0604,0.023,19.39,2,49.99,0
M00222,Fashion,566,3232,3788.81,12245425.47,0.0203,0.014,14.81,6,51.53,0
M00223,Travel,1607,2429,1598.75,3883358.58,0.0174,0.0495,31.17,6,62.22,0
M00224,Retail,1986,27,6372.2,172049.37,0.0388,0.0147,-0.99,3,36.66,0
M00225,Education,1022,2545,9729.56,24761733.55,0.0604,0.0232,-17.84,1,22.42,0
M00226,Food & Beverage,655,3443,2546.94,8769113.53,0.1051,0.0028,14.14,0,39.5,0
M00227,Food & Beverage,805,2039,4203.95,8571849.04,0.1076,0.0054,32.09,2,45.58,0
M00228,Gaming,1061,4610,4572.53,21079353.01,0.0258,0.0252,-4.76,2,20.07,0
M00229,Fashion,1653,4302,2108.95,9072689.23,0.0539,0.0517,44.94,2,63.79,0
M00230,Travel,1589,3687,3441.53,12688902.83,0.1129,0.041,14.54,2,50.77,0
M00231,Crypto/Trading,1373,3691,589.13,2174484.89,0.115,0.032,28.21,2,62.89,0
M00232,Food & Beverage,1831,2821,4736.07,13360452.9,0.0339,0.0434,-24.04,2,26.74,0
M00233,Travel,1991,105,6740.01,707700.95,0.202,0.0362,24.77,0,60.32,0
M00234,Retail,1364,3135,2647.8,8300850.48,0.0442,0.0487,16.7,0,47.53,0
M00235,Services,1673,4252,2371.87,10085197.46,0.065,0.0303,57.8,3,82.71,1
M00236,Fashion,1539,2488,6066.98,15094647.26,0.0396,0.0402,17.9,4,33.89,0
M00237,Electronics,1381,3639,933.4,3396659.55,0.127,0.0141,21.35,3,65.41,1
M00238,Travel,1506,1656,3763.03,6231585.6,0.0132,0.0075,-15.5,1,15.01,0
M00239,Retail,1264,3603,1979.33,7131510.37,0.1352,0.0328,12.93,1,38.45,0
M00240,Crypto/Trading,199,4029,1038.77,4185216.93,0.1442,0.0694,33.64,2,100.0,1
M00241,Education,1258,3346,5178.54,17327385.73,0.0573,0.0849,-3.67,0,58.12,0
M00242,Electronics,1418,2238,5834.09,13056685.33,0.0899,0.0222,-12.8,1,15.28,0
M00243,Education,1410,2237,1395.34,3121384.33,0.1577,0.0251,55.22,10,100.0,1
M00244,Crypto/Trading,1316,4987,6274.15,31289199.91,0.1042,0.0919,-1.94,3,70.34,1
M00245,Retail,1991,2389,4665.73,11146429.09,0.0901,0.0243,27.63,2,60.0,0
M00246,Food & Beverage,642,3658,1417.18,5184048.37,0.1602,0.1011,-6.95,1,84.97,1
M00247,Education,637,2523,1099.8,2774805.8,0.1085,0.0271,-5.95,2,42.23,0
M00248,Electronics,982,963,9983.91,9614507.55,0.2505,0.099,1.93,0,80.25,1
M00249,Gaming,1778,2857,2916.4,8332146.43,0.0299,0.026,19.33,2,26.73,0
M00250,Healthcare,1292,2680,784.5,2102456.91,0.1003,0.0777,34.2,2,79.16,1
M00251,Travel,1392,2956,3110.46,9194506.73,0.1022,0.086,-9.02,5,75.12,1
M00252,Food & Beverage,719,4464,2526.86,11279895.93,0.1239,0.0329,33.02,0,78.34,1
M00253,Education,1489,3967,3337.81,13241105.87,0.1302,0.014,8.46,5,48.99,0
M00254,Services,1444,1696,3563.47,6043637.82,0.1065,0.0182,0.6,6,56.06,0
M00255,Travel,658,1216,2533.32,3080518.12,0.1056,0.0518,18.99,2,74.42,1
M00256,Gaming,327,4125,9303.15,38375497.03,0.0896,0.0674,40.73,3,100.0,1
M00257,Crypto/Trading,1710,2807,2762.35,7753916.94,0.109,0.0216,17.89,1,30.52,0
M00258,Healthcare,1258,1481,908.96,1346177.03,0.0753,0.1278,-13.16,4,80.07,1
M00259,Retail,1852,3338,10188.41,34008904.32,0.0258,0.0488,8.65,3,42.48,0
M00260,Gaming,1267,686,1432.98,983023.13,0.1177,0.0512,19.05,0,75.49,1
M00261,Gaming,693,2196,1950.64,4283613.7,0.0581,0.0081,-9.83,4,25.4,0
M00262,Crypto/Trading,673,3763,5359.88,20169211.2,0.0912,0.0554,12.02,2,57.0,0
M00263,Fashion,1860,620,1869.03,1158796.46,0.0318,0.0167,-12.96,3,22.29,0
M00264,Crypto/Trading,1407,2672,1625.89,4344377.77,0.0843,0.0141,20.86,1,34.13,0
M00265,Fashion,1705,4442,5843.68,25957642.83,0.0421,0.0414,41.61,3,66.12,1
M00266,Fashion,1641,3844,4637.83,17827833.3,0.0354,0.0078,2.98,0,1.3,0
M00267,Food & Beverage,1505,3926,7910.55,31056823.09,0.1947,0.1119,23.64,2,100.0,1
M00268,Food & Beverage,1266,999,3370.89,3367516.13,0.0391,0.0609,30.62,1,78.51,1
M00269,Electronics,1725,2471,191.76,473840.45,0.0993,0.0737,-5.73,3,69.86,1
M00270,Education,1146,648,1691.46,1096064.35,0.0424,0.0132,15.58,2,39.9,0
M00271,Education,1863,1649,12232.9,20172043.94,0.0157,0.0483,33.46,3,60.22,0
M00272,Retail,1530,3716,4929.21,18316951.7,0.1999,0.0105,45.92,3,84.54,1
M00273,Education,451,3450,6217.53,21450467.59,0.0825,0.0825,-1.96,1,70.76,1
M00274,Food & Beverage,573,3694,10982.03,40567634.8,0.0185,0.043,-23.18,5,59.34,0
M00275,Electronics,1301,3949,5423.02,21415502.11,0.0198,0.0338,19.59,1,47.87,0
M00276,Electronics,1543,2785,4922.2,13708323.4,0.2309,0.0136,10.72,1,58.15,0
M00277,Fashion,1840,4389,6335.16,27805036.77,0.1011,0.0083,5.76,1,33.34,0
M00278,Crypto/Trading,1419,4800,4669.12,22411793.02,0.1162,0.0179,-7.98,2,36.34,0
M00279,Retail,1420,135,3148.76,425082.38,0.0192,0.0117,27.1,0,24.32,0
M00280,Fashion,1146,4976,3703.1,18426605.3,0.1165,0.0292,-9.72,1,35.95,0
M00281,Crypto/Trading,1646,2023,5457.33,11040169.06,0.0939,0.0185,-11.88,3,35.75,0
M00282,Education,1658,712,1525.34,1086038.93,0.0239,0.0136,1.69,2,12.85,0
M00283,Fashion,961,3182,5189.45,16512842.03,0.0955,0.0242,28.22,2,55.47,0
M00284,Travel,1114,1125,4269.22,4802869.18,0.0527,0.0719,-28.91,2,56.47,0
M00285,Education,708,3028,204.7,619838.92,0.0492,0.013,-20.37,3,39.97,0
M00286,Crypto/Trading,122,2181,1796.06,3917212.7,0.0837,0.0337,-15.49,2,53.16,0
M00287,Retail,11,173,2966.08,513131.46,0.0918,0.0267,54.58,0,84.02,1
M00288,Crypto/Trading,651,3719,1601.93,5957581.82,0.058,0.0077,12.06,2,38.21,0
M00289,Fashion,229,4430,8196.06,36308547.01,0.1786,0.0115,-21.07,5,69.69,1
M00290,Fashion,1599,3806,837.75,3188463.66,0.0517,0.0065,1.73,4,20.52,0
M00291,Gaming,864,1084,3939.68,4270615.72,0.1526,0.0506,24.33,3,71.33,1
M00292,Retail,1769,4220,2576.47,10872691.33,0.0992,0.0019,55.0,2,72.01,1
M00293,Services,1258,1933,6981.21,13494688.5,0.2034,0.0303,-33.46,1,52.08,0
M00294,Education,394,1236,1699.5,2100582.1,0.0101,0.0094,-21.87,1,34.8,0
M00295,Electronics,1436,2421,2584.15,6256233.6,0.0528,0.0386,-3.46,0,20.5,0
M00296,Retail,1671,1792,1406.22,2519941.83,0.0799,0.0093,-2.58,2,33.58,0
M00297,Electronics,1163,1980,5855.82,11594514.61,0.2197,0.0038,-2.98,2,44.19,0
M00298,Retail,1086,2800,1466.17,4105264.44,0.0236,0.0289,2.19,2,38.25,0
M00299,Retail,1717,4824,6926.59,33413860.98,0.1163,0.0325,55.72,1,70.54,1
M00300,Crypto/Trading,739,4766,3335.17,15895406.85,0.1043,0.0291,-26.64,2,33.05,0
M00301,Retail,1705,2891,2900.54,8385455.51,0.1585,0.0389,9.0,2,58.31,0
M00302,Gaming,1743,680,2974.24,2022482.84,0.0545,0.0382,19.02,1,42.02,0
M00303,Services,1449,2655,2517.58,6684170.63,0.0406,0.0606,-31.29,4,49.11,0
M00304,Fashion,256,2349,11347.95,26656333.07,0.0813,0.0156,40.86,4,72.76,1
M00305,Healthcare,845,3974,3011.87,11969156.38,0.0147,0.0875,1.08,1,55.25,0
M00306,Electronics,1472,2470,2332.05,5760171.41,0.1719,0.0389,-22.09,4,68.81,1
M00307,Fashion,212,1152,4675.67,5386373.65,0.0752,0.052,43.67,3,100.0,1
M00308,Healthcare,1217,719,2006.82,1442906.19,0.0268,0.0118,22.03,0,28.78,0
M00309,Services,132,2058,549.02,1129884.41,0.0582,0.0259,-8.57,0,27.73,0
M00310,Services,410,4667,4819.94,22494650.13,0.0609,0.0272,23.13,6,72.41,1
M00311,Electronics,776,4520,4638.21,20964726.46,0.0813,0.0427,14.69,3,69.05,1
M00312,Electronics,303,4577,618.68,2831689.66,0.0585,0.0308,-33.41,1,27.57,0
M00313,Services,289,2199,6842.2,15045987.76,0.209,0.007,-30.97,2,62.15,0
M00314,Healthcare,1870,2858,2491.4,7120430.05,0.0775,0.0297,13.42,4,63.62,0
M00315,Retail,893,893,9523.16,8504184.96,0.1038,0.0301,-39.29,2,49.78,0
M00316,Education,1643,103,8144.66,838899.84,0.0487,0.0299,30.14,5,49.49,0
M00317,Travel,207,1442,502.06,723967.44,0.2058,0.0064,-29.52,1,45.29,0
M00318,Fashion,991,2695,12241.85,32991794.64,0.0362,0.0061,28.02,4,46.84,0
M00319,Crypto/Trading,1940,3200,2714.6,8686720.93,0.0975,0.0331,40.59,0,59.77,0
M00320,Fashion,1544,4336,2401.89,10414608.89,0.1652,0.0144,17.24,2,57.7,0
M00321,Crypto/Trading,761,3995,15022.71,60015725.66,0.0627,0.2115,-87.21,2,100.0,1
M00322,Healthcare,153,1411,3536.15,4989513.62,0.0539,0.0415,33.01,1,70.18,1
M00323,Crypto/Trading,618,3238,1407.57,4557721.37,0.0176,0.0296,-5.91,1,33.34,0
M00324,Electronics,1234,4227,1986.03,8394930.15,0.1192,0.0292,3.56,2,37.44,0
M00325,Education,1157,634,6383.82,4047341.19,0.1825,0.0608,-13.58,2,60.47,0
M00326,Education,196,2991,9065.79,27115769.46,0.1565,0.048,47.05,3,100.0,1
M00327,Electronics,1359,3585,6654.92,23857878.2,0.0299,0.0077,9.44,0,25.16,0
M00328,Gaming,473,3596,1959.95,7047968.97,0.036,0.0243,-5.15,2,41.0,0
M00329,Healthcare,1382,4590,3080.99,14141721.42,0.0683,0.0221,38.49,1,50.74,0
M00330,Gaming,1804,290,1264.65,366748.43,0.0555,0.0384,26.99,1,49.95,0
M00331,Gaming,669,4086,688.44,2812985.03,0.0204,0.0091,-23.31,4,32.7,0
M00332,Fashion,773,2488,11084.19,27577461.87,0.0107,0.0694,13.35,0,54.9,0
M00333,Services,964,1410,3149.52,4440817.86,0.045,0.0134,10.51,5,54.02,0
M00334,Fashion,1965,3374,4483.36,15126864.8,0.023,0.021,-31.8,0,12.57,0
M00335,Services,412,4155,2900.38,12051064.85,0.1666,0.0424,25.68,1,94.11,1
M00336,Travel,1379,3627,4357.44,15804422.14,0.0229,0.0748,4.27,5,42.26,0
M00337,Crypto/Trading,1996,2603,6990.48,18196225.43,0.0511,0.0228,58.78,6,79.4,1
M00338,Services,1544,4093,12302.86,50355595.37,0.0277,0.0452,40.24,2,73.24,1
M00339,Electronics,156,3095,8397.55,25990412.04,0.0604,0.0545,10.55,2,57.79,0
M00340,Fashion,1181,3926,2764.84,10854743.07,0.1104,0.056,2.82,4,68.09,1
M00341,Healthcare,873,309,1874.64,579263.72,0.0492,0.0056,-46.12,3,30.69,0
M00342,Crypto/Trading,1744,2500,4927.13,12317813.29,0.0136,0.0204,26.06,2,54.8,0
M00343,Travel,1853,3272,5617.97,18382003.66,0.0731,0.0111,3.29,5,33.31,0
M00344,Services,498,298,2337.62,696609.29,0.0717,0.0914,-6.69,0,61.21,0
M00345,Travel,938,2944,1786.01,5258009.09,0.0415,0.0253,5.54,3,54.83,0
M00346,Healthcare,1969,600,4822.75,2893647.51,0.1275,0.1103,43.82,2,100.0,1
M00347,Gaming,1673,4978,5990.39,29820172.49,0.2046,0.0602,39.12,1,100.0,1
M00348,Education,560,273,1241.23,338856.12,0.1903,0.0078,39.05,3,88.78,1
M00349,Healthcare,347,4296,1513.63,6502569.48,0.0707,0.0121,-20.96,3,49.67,0
M00350,Food & Beverage,881,4796,3519.74,16880687.31,0.2414,0.0042,44.49,2,87.88,1
M00351,Healthcare,650,844,1513.76,1277614.13,0.1406,0.0311,-7.25,0,46.19,0
M00352,Travel,1812,3852,5066.69,19516874.4,0.0183,0.0107,23.66,3,33.89,0
M00353,Electronics,1986,719,4942.64,3553756.72,0.069,0.0066,20.69,1,16.89,0
M00354,Fashion,482,1400,4955.02,6937029.68,0.0729,0.0263,1.48,2,41.67,0
M00355,Electronics,1979,3916,1571.97,6155817.3,0.0033,0.0339,10.36,3,57.19,0
M00356,Travel,160,1693,1361.77,2305478.2,0.0606,0.0742,-36.08,0,51.33,0
M00357,Fashion,1448,2747,3933.66,10805770.6,0.0333,0.0201,6.47,1,27.92,0
M00358,Food & Beverage,1331,3176,2110.53,6703034.32,0.018,0.013,-0.89,2,30.14,0
M00359,Education,1644,3408,1348.71,4596388.89,0.0872,0.0726,59.91,1,100.0,1
M00360,Crypto/Trading,272,4327,2115.79,9155018.86,0.0181,0.0385,5.72,1,42.35,0
M00361,Travel,1797,403,781.44,314921.23,0.1583,0.0174,-12.87,3,34.58,0
M00362,Services,153,361,5918.49,2136575.05,0.1237,0.0516,7.88,4,87.52,1
M00363,Travel,355,2007,5116.91,10269642.19,0.0935,0.024,-11.8,3,57.94,0
M00364,Travel,633,4079,3712.34,15142620.0,0.1053,0.0274,-30.47,2,57.8,0
M00365,Fashion,1026,4959,2505.37,12424146.71,0.0854,0.0283,15.3,2,62.66,0
M00366,Retail,1605,3129,4155.8,13003483.0,0.056,0.0048,5.19,6,25.0,0
M00367,Healthcare,890,4102,752.33,3086040.02,0.1644,0.0363,29.83,3,80.35,1
M00368,Retail,11,4535,1663.3,7543055.56,0.1056,0.0534,41.4,0,92.71,1
M00369,Food & Beverage,906,2818,2379.0,6704032.98,0.0615,0.0361,52.23,3,77.77,1
M00370,Services,1337,3260,5897.78,19226766.89,0.1091,0.0142,10.74,2,38.24,0
M00371,Education,263,2008,3703.32,7436267.0,0.1465,0.0073,22.29,1,68.22,1
M00372,Gaming,1685,3434,2193.58,7532745.32,0.1367,0.0021,12.04,3,47.91,0
M00373,Food & Beverage,462,1869,1115.87,2085566.53,0.0394,0.0965,-52.98,1,76.98,1
M00374,Gaming,1070,325,7744.79,2517058.35,0.0964,0.0871,35.9,4,93.55,1
M00375,Gaming,1193,3633,738.6,2683349.2,0.0544,0.0681,18.65,2,56.96,0
M00376,Education,1024,2769,7460.07,20656941.0,0.0375,0.0204,18.98,1,58.5,0
M00377,Electronics,18,4984,2963.13,14768259.86,0.1107,0.051,-7.81,3,63.86,0
M00378,Retail,1266,1155,2369.32,2736563.46,0.0504,0.0173,-11.07,1,9.61,0
M00379,Travel,1132,225,7141.14,1606756.33,0.0459,0.0083,3.3,1,27.73,0
M00380,Crypto/Trading,1692,4611,2317.37,10685385.98,0.0504,0.0128,18.95,1,25.31,0
M00381,Gaming,825,3470,8039.06,27895544.14,0.0298,0.0587,-43.81,3,45.61,0
M00382,Services,217,3831,4413.0,16906214.4,0.2128,0.0247,10.05,1,59.32,0
M00383,Food & Beverage,1164,3642,10204.31,37164106.63,0.0438,0.0539,47.21,1,86.14,1
M00384,Electronics,413,3619,2785.25,10079829.68,0.1918,0.0478,1.72,0,68.42,1
M00385,Gaming,161,2571,1597.1,4106153.51,0.0704,0.0065,-44.49,2,27.22,0
M00386,Electronics,63,4328,7897.65,34181037.12,0.0865,0.0069,0.28,1,39.91,0
M00387,Electronics,1153,329,988.39,325181.23,0.0567,0.1665,12.37,3,100.0,1
M00388,Gaming,1706,2728,2643.27,7210827.16,0.0751,0.1128,14.4,2,75.15,1
M00389,Fashion,1953,2011,4516.76,9083209.33,0.1074,0.0171,8.87,1,46.77,0
M00390,Healthcare,637,291,3837.05,1116582.84,0.0792,0.03,53.4,3,97.55,1
M00391,Services,596,3662,6890.13,25231645.89,0.0619,0.0188,8.52,1,36.8,0
M00392,Travel,1658,4106,7489.28,30750994.98,0.0656,0.0285,9.8,1,33.67,0
M00393,Travel,1453,1842,3488.79,6426344.18,0.0372,0.0247,-9.23,2,17.05,0
M00394,Services,1455,3293,1923.97,6335642.48,0.0947,0.0156,28.61,2,41.2,0
M00395,Fashion,113,4558,1625.81,7410428.11,0.0418,0.0018,47.43,1,59.83,0
M00396,Travel,1885,4369,1432.72,6259539.91,0.0866,0.0026,-10.7,2,15.56,0
M00397,Electronics,263,540,2846.2,1536946.78,0.0666,0.0163,2.28,1,49.3,0
M00398,Education,1260,996,1272.19,1267105.95,0.0596,0.0203,-53.12,1,16.46,0
M00399,Food & Beverage,1145,3742,1842.51,6894654.05,0.0212,0.0373,-15.92,1,30.45,0
M00400,Retail,519,3571,4355.7,15554187.55,0.1473,0.0453,54.23,2,100.0,1
M00401,Travel,1506,4125,3945.43,16274897.99,0.2047,0.0054,-2.43,1,35.16,0
M00402,Services,108,2793,4551.32,12711823.82,0.0474,0.0993,10.67,0,82.45,1
M00403,Education,162,2572,5794.9,14904481.53,0.0624,0.0147,-13.22,2,37.11,0
M00404,Gaming,1894,2852,2373.31,6768693.33,0.0535,0.0796,16.2,3,58.17,0
M00405,Healthcare,923,3927,6413.11,25184298.25,0.1073,0.007,0.64,2,49.31,0
M00406,Services,1929,172,2276.39,391538.47,0.0546,0.0232,15.27,4,35.69,0
M00407,Electronics,887,2984,4512.54,13465433.5,0.0629,0.0669,7.62,0,59.66,0
M00408,Healthcare,347,2936,1395.91,4098402.48,0.1056,0.0123,41.08,1,68.62,1
M00409,Food & Beverage,1739,2820,6381.33,17995356.06,0.0542,0.0167,9.21,0,15.08,0
M00410,Food & Beverage,831,1772,11919.83,21121930.15,0.1055,0.0611,-15.86,1,52.32,0
M00411,Fashion,1196,2630,2648.34,6965140.66,0.0935,0.0422,-10.91,3,66.81,1
M00412,Crypto/Trading,1753,3895,1298.88,5059126.54,0.0724,0.0483,-41.71,3,30.09,0
M00413,Fashion,966,1124,4412.67,4959835.97,0.0872,0.0276,8.14,2,41.37,0
M00414,Education,1714,2556,4213.25,10769070.42,0.0506,0.0136,3.41,1,31.45,0
M00415,Healthcare,170,4219,3704.28,15628372.24,0.0993,0.0156,42.83,1,69.18,1
M00416,Crypto/Trading,1613,3874,2465.3,9550578.39,0.0718,0.0232,-24.32,1,22.12,0
M00417,Gaming,810,3514,670.47,2356025.05,0.0533,0.0201,-12.44,4,41.01,0
M00418,Electronics,407,1934,2992.12,5786764.29,0.0182,0.0657,-12.18,2,49.13,0
M00419,Healthcare,1310,3092,4449.77,13758689.12,0.0474,0.0576,-1.34,3,50.12,0
M00420,Fashion,825,1026,2036.22,2089158.15,0.0188,0.0139,-26.52,0,18.02,0
M00421,Retail,1949,426,6616.24,2818519.22,0.0412,0.007,-1.96,1,12.53,0
M00422,Crypto/Trading,1537,186,3712.03,690437.67,0.0935,0.0189,5.47,0,29.52,0
M00423,Crypto/Trading,1929,528,2769.87,1462493.88,0.0377,0.0485,6.22,1,27.2,0
M00424,Electronics,1425,1681,947.8,1593259.5,0.0868,0.0351,36.83,3,56.46,0
M00425,Travel,1168,3684,2939.49,10829091.42,0.1168,0.0146,4.26,2,56.47,0
M00426,Food & Beverage,1228,3509,1518.61,5328810.63,0.0424,0.0341,3.66,3,33.01,0
M00427,Food & Beverage,410,4878,5379.33,26240386.1,0.0894,0.0239,33.63,5,74.6,1
M00428,Retail,649,700,3881.27,2716887.2,0.214,0.0263,4.94,3,70.67,1
M00429,Education,1066,2544,1724.16,4386265.99,0.1256,0.0042,-25.4,0,21.57,0
M00430,Education,697,2140,1270.36,2718565.23,0.1435,0.0244,-21.94,2,57.63,0
M00431,Gaming,469,4697,1352.33,6351912.0,0.1541,0.0335,-21.7,4,65.86,1
M00432,Healthcare,964,4377,581.19,2543862.73,0.1369,0.049,-25.47,1,51.31,0
M00433,Services,1916,1383,6573.87,9091659.01,0.0159,0.0218,54.96,1,54.89,0
M00434,Travel,479,1351,4457.86,6022571.23,0.0527,0.0748,-21.8,1,46.42,0
M00435,Fashion,1408,2312,993.62,2297259.1,0.1221,0.0609,3.96,3,63.26,0
M00436,Services,1055,1558,6136.66,9560923.73,0.0914,0.035,6.37,0,43.34,0
M00437,Services,759,3428,2443.63,8376755.86,0.1147,0.0228,0.58,5,49.04,0
M00438,Crypto/Trading,1703,580,2120.01,1229607.85,0.0698,0.0579,-14.49,1,43.79,0
M00439,Retail,47,1119,1733.47,1939748.73,0.0511,0.0124,16.38,2,63.91,0
M00440,Food & Beverage,239,1923,1403.3,2698550.47,0.1659,0.0257,-33.1,1,55.9,0
M00441,Gaming,1398,194,3943.16,764972.79,0.0407,0.0524,-21.65,1,34.09,0
M00442,Education,572,2176,6871.67,14952763.8,0.2956,0.0031,33.05,2,84.61,1
M00443,Retail,447,2250,7075.71,15920346.26,0.0322,0.0062,-22.44,2,27.59,0
M00444,Crypto/Trading,1809,4307,2008.7,8651475.33,0.1047,0.0265,37.44,1,57.79,0
M00445,Fashion,1316,4180,733.26,3065010.19,0.048,0.026,39.57,2,53.74,0
M00446,Gaming,36,3940,4922.72,19395535.43,0.0516,0.0101,40.07,1,70.1,1
M00447,Crypto/Trading,235,1517,3433.74,5208985.02,0.1133,0.0027,26.1,1,61.79,0
M00448,Food & Beverage,1310,3874,8607.97,33347271.56,0.1091,0.0426,-29.48,2,46.9,0
M00449,Food & Beverage,807,3191,7311.73,23331726.19,0.006,0.0152,-33.46,1,19.02,0
M00450,Food & Beverage,1642,1587,3456.36,5485235.47,0.097,0.017,-22.99,4,44.31,0
M00451,Retail,293,1171,10397.46,12175430.54,0.0488,0.0398,-18.81,1,29.32,0
M00452,Retail,888,388,4160.66,1614336.14,0.3904,0.0596,-27.5,1,82.89,1
M00453,Education,969,4966,2789.05,13850425.38,0.0937,0.0509,-12.1,2,52.52,0
M00454,Education,1514,62,462.91,28700.65,0.011,0.0306,24.24,1,51.27,0
M00455,Fashion,462,1927,1431.65,2758787.09,0.0849,0.0134,21.27,1,54.45,0
M00456,Gaming,1029,3510,2892.53,10152777.55,0.1611,0.0205,12.39,3,62.01,0
M00457,Electronics,1862,2555,2587.11,6610059.05,0.1049,0.0611,-0.37,1,36.16,0
M00458,Electronics,825,4193,4540.11,19036664.36,0.0036,0.0093,3.29,2,7.5,0
M00459,Crypto/Trading,668,2893,2116.09,6121852.38,0.0422,0.0267,12.53,3,41.53,0
M00460,Food & Beverage,1549,1844,6362.66,11732747.14,0.1723,0.07,-6.83,2,69.51,1
M00461,Gaming,556,1313,4612.08,6055659.1,0.0971,0.0189,29.43,0,47.53,0
M00462,Services,1225,4789,6624.46,31724550.54,0.0853,0.0388,-27.87,1,32.23,0
M00463,Retail,1082,4816,3631.14,17487574.12,0.0434,0.0545,-14.42,3,33.97,0
M00464,Healthcare,1545,4874,7235.26,35264639.06,0.0297,0.0844,-18.14,2,41.53,0
M00465,Travel,26,3406,2317.07,7891934.65,0.1686,0.0962,16.44,2,100.0,1
M00466,Fashion,1205,2992,2430.37,7271673.32,0.0998,0.0752,-25.01,2,54.16,0
M00467,Food & Beverage,1253,3942,2966.28,11693074.03,0.1033,0.0583,-17.93,3,62.61,0
M00468,Food & Beverage,167,1012,8118.06,8215481.7,0.0307,0.0289,15.61,0,42.36,0
M00469,Food & Beverage,486,2406,1412.88,3399382.19,0.1911,0.0141,-16.72,3,69.97,1
M00470,Retail,1079,2260,3628.73,8200922.94,0.0116,0.0178,25.96,4,53.62,0
M00471,Retail,1406,1496,4406.02,6591398.86,0.0159,0.0191,25.37,2,38.55,0
M00472,Travel,527,3427,2506.95,8591331.57,0.0322,0.0344,-8.45,4,44.04,0
M00473,Services,108,409,1005.2,411125.98,0.1113,0.042,8.19,1,50.46,0
M00474,Gaming,1925,1019,4847.89,4940002.54,0.124,0.0144,56.48,2,72.22,1
M00475,Food & Beverage,1778,4640,553.49,2568197.66,0.1269,0.0289,26.8,2,71.63,1
M00476,Electronics,1070,1875,4248.72,7966348.33,0.0721,0.0523,17.35,2,63.8,0
M00477,Education,289,678,6224.39,4220136.94,0.1577,0.0357,43.8,2,79.35,1
M00478,Electronics,1382,2783,3388.29,9429606.95,0.0489,0.0084,-19.09,3,24.52,0
M00479,Crypto/Trading,506,3683,6528.7,24045215.33,0.0559,0.0272,36.4,1,67.69,1
M00480,Electronics,311,1501,3647.0,5474143.16,0.0222,0.0718,13.89,1,69.06,1
M00481,Crypto/Trading,190,3751,4243.55,15917572.2,0.1692,0.0565,41.43,4,100.0,1
M00482,Healthcare,616,471,3018.22,1421581.95,0.0544,0.0506,-8.05,0,41.27,0
M00483,Education,1132,2495,7637.65,19055943.41,0.1124,0.0282,39.81,3,85.94,1
M00484,Electronics,709,3242,4281.35,13880138.73,0.1083,0.0083,-38.56,4,42.55,0
M00485,Healthcare,1002,1557,1625.2,2530442.83,0.1158,0.0548,-4.4,4,55.43,0
M00486,Fashion,1149,3113,8097.9,25208763.86,0.0604,0.0452,11.81,1,54.81,0
M00487,Gaming,200,902,10606.21,9566805.38,0.1693,0.0147,21.42,3,82.24,1
M00488,Healthcare,262,4428,2756.03,12203722.35,0.0391,0.0214,-47.33,2,20.53,0
M00489,Gaming,990,4088,7218.72,29510130.76,0.1854,0.0225,-26.14,2,54.98,0
M00490,Electronics,937,4955,2028.36,10050540.2,0.0343,0.0268,-22.09,3,27.45,0
M00491,Services,1194,2586,5523.16,14282891.63,0.184,0.0233,-18.39,1,51.16,0
M00492,Healthcare,1289,3297,10575.63,34867857.79,0.1953,0.0264,-13.76,5,69.56,1
M00493,Education,1356,394,11202.9,4413944.15,0.1296,0.0337,9.12,1,54.63,0
M00494,Electronics,137,4566,4319.78,19724121.82,0.1214,0.0264,41.91,6,100.0,1
M00495,Food & Beverage,27,3717,4627.28,17199586.95,0.0774,0.0191,-4.38,2,39.7,0
M00496,Retail,1826,3082,2599.86,8012770.38,0.257,0.0129,43.65,0,76.7,1
M00497,Healthcare,1768,4710,2167.57,10209268.21,0.2441,0.0204,7.12,3,66.56,1
M00498,Education,575,3270,2621.01,8570716.03,0.0472,0.0176,-0.35,4,40.93,0
M00499,Fashion,579,4615,1596.43,7367527.13,0.0184,0.0326,31.13,3,51.57,0
M00500,Food & Beverage,1356,4579,4433.09,20299140.35,0.1416,0.0389,1.1,3,60.27,0
M00501,Fashion,1905,132,3174.88,419083.6,0.0669,0.0095,-14.55,3,12.08,0
M00502,Electronics,695,3217,2895.33,9314276.09,0.1469,0.0085,38.15,3,80.6,1
M00503,Retail,1825,2398,7776.91,18649035.39,0.1855,0.021,4.04,0,42.88,0
M00504,Healthcare,635,1944,1365.73,2654983.12,0.0659,0.0338,49.78,1,89.32,1
M00505,Healthcare,1321,159,2093.69,332896.46,0.0734,0.0306,-3.87,3,37.16,0
M00506,Services,1976,1444,2378.9,3435128.79,0.0896,0.0438,-28.29,3,23.97,0
M00507,Services,863,2969,7567.66,22468369.19,0.0222,0.0515,-14.24,0,36.47,0
M00508,Electronics,1696,3188,3451.96,11004863.25,0.0721,0.0158,-11.77,2,28.83,0
M00509,Electronics,971,536,6071.61,3254383.75,0.0742,0.0201,2.61,2,46.15,0
M00510,Retail,1672,2636,4336.7,11431531.28,0.0556,0.0758,-14.86,0,37.7,0
M00511,Services,164,907,3923.58,3558685.65,0.0409,0.0214,-26.32,4,50.7,0
M00512,Education,499,3124,5051.62,15781248.81,0.0501,0.038,-3.07,3,53.92,0
M00513,Education,1419,69,4921.53,339585.56,0.0686,0.0526,7.29,3,46.12,0
M00514,Retail,794,3971,699.99,2779642.82,0.0304,0.0096,15.29,1,38.23,0
M00515,Education,1137,3580,7077.94,25339032.43,0.1242,0.0102,4.58,2,29.23,0
M00516,Crypto/Trading,1962,38,12761.27,484928.13,0.0496,0.0485,39.15,1,66.06,1
M00517,Gaming,1426,4841,2232.87,10809311.11,0.0678,0.0386,6.54,1,41.37,0
M00518,Retail,1844,1493,6330.06,9450784.9,0.1301,0.0289,-49.59,4,34.73,0
M00519,Retail,255,4081,2117.56,8641768.52,0.0638,0.0515,11.26,0,53.45,0
M00520,Travel,1209,2626,1727.41,4536174.27,0.115,0.1227,5.19,3,96.08,1
M00521,Food & Beverage,1072,471,4516.28,2127168.59,0.0718,0.0293,23.38,2,58.05,0
M00522,Food & Beverage,1510,3785,2007.32,7597710.78,0.0294,0.0063,-22.98,3,15.36,0
M00523,Crypto/Trading,1715,2458,3557.98,8745523.29,0.0761,0.0607,31.54,3,66.62,1
M00524,Services,768,4330,9380.2,40616286.25,0.044,0.0177,11.67,2,49.37,0
M00525,Electronics,547,1569,7499.98,11767472.59,0.0553,0.0328,8.39,3,47.71,0
M00526,Electronics,1900,3494,5107.56,17845800.29,0.158,0.0174,28.46,0,56.18,0
M00527,Fashion,1851,147,2499.98,367497.39,0.1403,0.0914,33.99,2,88.98,1
M00528,Crypto/Trading,930,4875,6806.32,33180815.62,0.0694,0.029,31.55,1,43.24,0
M00529,Retail,417,2781,4260.66,11848883.75,0.1262,0.0084,-53.64,2,38.88,0
M00530,Crypto/Trading,534,4476,3319.49,14858054.15,0.2178,0.0016,-30.56,1,60.08,0
M00531,Crypto/Trading,837,4684,6473.72,30322909.65,0.1291,0.0155,-5.99,1,57.33,0
M00532,Crypto/Trading,1539,1435,5033.46,7223008.68,0.0226,0.0205,-24.72,1,13.03,0
M00533,Food & Beverage,912,221,3817.38,843641.87,0.0804,0.0069,-12.38,4,40.37,0
M00534,Crypto/Trading,1858,2389,4611.6,11017122.68,0.0495,0.0421,3.72,1,50.26,0
M00535,Gaming,45,537,748.95,402187.58,0.0365,0.0195,-6.75,2,48.42,0
M00536,Electronics,694,1361,3108.19,4230244.33,0.0945,0.0149,4.4,3,36.02,0
M00537,Fashion,29,4796,4038.48,19368530.41,0.0482,0.0378,38.99,0,71.12,1
M00538,Gaming,330,2008,2226.3,4470412.96,0.0759,0.0063,49.52,1,75.27,1
M00539,Fashion,1809,3565,1168.59,4166018.75,0.1384,0.0109,14.33,1,51.69,0
M00540,Travel,521,4540,3408.58,15474959.58,0.0207,0.0138,38.38,0,44.47,0
M00541,Fashion,409,3822,832.96,3183554.15,0.1368,0.0014,-4.97,1,46.2,0
M00542,Electronics,663,3295,317.03,1044599.57,0.1025,0.0869,-10.62,4,81.14,1
M00543,Electronics,981,3674,939.51,3451750.08,0.0589,0.084,3.12,2,58.69,0
M00544,Crypto/Trading,1916,2454,1645.99,4039261.65,0.1474,0.1016,-2.81,2,86.76,1
M00545,Healthcare,480,4893,1232.08,6028586.82,0.1243,0.0271,21.89,2,60.92,0
M00546,Travel,1176,227,4792.2,1087829.05,0.113,0.0332,5.36,2,51.68,0
M00547,Retail,1125,2653,1978.56,5249122.92,0.1247,0.0457,42.73,1,84.51,1
M00548,Education,1387,4137,2156.99,8923455.45,0.0055,0.0411,7.99,2,38.79,0
M00549,Fashion,843,173,7229.56,1250714.54,0.0799,0.1013,-12.68,0,73.33,1
M00550,Healthcare,1833,3386,14843.58,50260359.51,0.0856,0.059,-6.82,2,33.38,0
M00551,Crypto/Trading,736,4334,10553.34,45738164.96,0.0408,0.0398,-9.85,2,41.95,0
M00552,Food & Beverage,1992,4784,510.61,2442756.84,0.1078,0.0536,23.28,4,84.09,1
M00553,Retail,863,1538,10427.22,16037071.54,0.0582,0.0516,2.37,2,55.01,0
M00554,Services,60,2620,3728.45,9768542.11,0.0583,0.0169,7.96,2,41.98,0
M00555,Healthcare,1698,2215,2298.86,5091985.01,0.0358,0.0239,15.46,3,32.93,0
M00556,Food & Beverage,1731,4518,10186.72,46023582.13,0.0232,0.0329,18.48,6,56.28,0
M00557,Travel,584,4711,4494.47,21173431.41,0.0397,0.0424,31.45,2,64.32,0
M00558,Crypto/Trading,1223,3574,2861.25,10226121.32,0.106,0.0204,13.4,1,44.41,0
M00559,Retail,1158,2434,3138.07,7638057.64,0.0635,0.0073,-18.98,3,23.93,0
M00560,Retail,159,2869,1936.95,5557110.12,0.2217,0.0168,-7.16,3,83.97,1
M00561,Retail,323,1762,1054.79,1858531.19,0.2705,0.0535,-7.18,2,87.49,1
M00562,Travel,579,1326,2925.81,3879624.85,0.0857,0.0411,-13.19,1,46.91,0
M00563,Fashion,1375,3869,5151.07,19929485.75,0.1681,0.046,30.95,4,73.59,1
M00564,Services,314,4188,2617.6,10962497.98,0.0427,0.0297,1.29,1,32.56,0
M00565,Travel,1725,4596,3331.9,15313399.49,0.1612,0.012,9.46,2,44.81,0
M00566,Education,691,4675,2071.16,9682659.93,0.0456,0.019,13.36,4,49.72,0
M00567,Services,847,4860,1989.6,9669441.8,0.0142,0.009,10.23,3,47.73,0
M00568,Electronics,1816,4215,5693.04,23996179.81,0.0856,0.0138,12.75,0,31.38,0
M00569,Crypto/Trading,1087,2575,3326.93,8566856.43,0.1428,0.0092,65.2,4,100.0,1
M00570,Travel,1012,2325,7125.69,16567237.15,0.0117,0.047,21.91,1,52.39,0
M00571,Food & Beverage,453,4528,2659.15,12040632.21,0.0781,0.0087,-18.02,5,52.54,0
M00572,Services,622,1108,2847.64,3155180.2,0.1291,0.0349,12.91,2,50.1,0
M00573,Education,1002,2662,12002.57,31950829.89,0.0902,0.0299,7.64,3,40.53,0
M00574,Electronics,273,1197,4166.65,4987476.99,0.037,0.0092,-29.72,3,42.88,0
M00575,Fashion,1086,4936,1291.06,6372685.33,0.1301,0.0463,-54.6,3,68.13,1
M00576,Food & Beverage,1605,4777,2884.98,13781543.32,0.029,0.0116,8.54,0,6.12,0
M00577,Services,1013,3014,6621.84,19958226.47,0.1122,0.0202,-2.0,3,43.87,0
M00578,Crypto/Trading,1653,579,757.27,438456.84,0.1,0.0055,-23.72,0,8.69,0
M00579,Food & Beverage,14,2984,7353.7,21943427.78,0.1321,0.0474,-8.52,2,59.33,0
M00580,Electronics,1136,1291,2377.91,3069883.64,0.1044,0.0202,-1.48,1,20.17,0
M00581,Food & Beverage,1229,1833,4075.11,7469667.58,0.0878,0.0138,-9.57,0,25.44,0
M00582,Gaming,783,2935,2755.19,8086490.62,0.0827,0.0205,11.79,0,40.71,0
M00583,Healthcare,886,629,1046.09,657992.68,0.1403,0.0604,9.39,3,71.28,1
M00584,Fashion,1001,2481,7080.48,17566668.21,0.1161,0.0126,24.97,2,56.09,0
M00585,Electronics,893,4140,2275.18,9419237.42,0.0714,0.0264,33.93,2,70.58,1
M00586,Food & Beverage,1383,303,875.93,265406.15,0.0895,0.0157,21.1,4,68.47,1
M00587,Healthcare,56,2948,4087.79,12050819.54,0.1362,0.0106,-12.05,4,46.43,0
M00588,Healthcare,876,4416,1984.39,8763065.95,0.3012,0.0619,9.21,5,96.82,1
M00589,Food & Beverage,832,1111,627.26,696888.64,0.0599,0.0881,-35.13,2,62.93,0
M00590,Crypto/Trading,945,836,4064.31,3397760.47,0.1762,0.0805,-6.87,2,73.04,1
M00591,Gaming,1853,102,906.72,92485.38,0.2211,0.0414,-58.5,2,54.65,0
M00592,Travel,665,1940,4537.52,8802779.16,0.0281,0.05,-3.82,1,30.07,0
M00593,Gaming,278,3511,7506.55,26355482.55,0.1063,0.0394,-8.38,0,45.28,0
M00594,Food & Beverage,379,3164,4300.42,13606525.54,0.1017,0.1084,22.28,1,92.06,1
M00595,Fashion,645,2113,1842.79,3893816.16,0.2192,0.0084,-19.18,3,60.55,0
M00596,Travel,1139,4733,738.15,3493645.85,0.0772,0.0267,9.27,2,37.04,0
M00597,Electronics,1703,195,6799.79,1325959.78,0.0125,0.0523,-4.46,0,32.89,0
M00598,Gaming,1692,2724,4899.27,13345621.27,0.1847,0.0302,-5.63,2,38.73,0
M00599,Food & Beverage,666,4957,2531.61,12549177.78,0.0633,0.0082,-14.22,0,38.56,0
M00600,Gaming,129,389,2965.76,1153680.88,0.0097,0.0519,12.51,0,44.4,0
M00601,Travel,840,1838,4568.65,8397186.05,0.2072,0.0217,0.97,3,72.67,1
M00602,Education,1820,2121,1804.12,3826545.06,0.0633,0.009,-18.94,2,14.88,0
M00603,Services,1637,4805,7057.67,33912109.0,0.0118,0.1291,8.3,1,73.31,1
M00604,Gaming,1091,3510,3287.24,11538206.24,0.078,0.025,12.66,6,56.01,0
M00605,Electronics,1984,1799,1255.43,2258513.72,0.0548,0.0262,43.19,4,66.06,1
M00606,Electronics,1379,1384,3922.21,5428332.59,0.1119,0.0719,-9.53,2,62.58,0
M00607,Retail,750,4482,11208.45,50236274.09,0.0997,0.1199,-4.69,2,78.74,1
M00608,Gaming,1507,3362,2002.1,6731049.45,0.0265,0.0298,-27.28,2,11.6,0
M00609,Services,126,4759,2767.61,13171064.15,0.0611,0.0604,-6.19,3,55.99,0
M00610,Crypto/Trading,1863,3696,3501.94,12943178.51,0.1091,0.0496,-21.51,2,39.52,0
M00611,Healthcare,800,2446,9534.85,23322248.93,0.0862,0.0952,32.6,0,100.0,1
M00612,Services,1160,92,7956.22,731972.6,0.0302,0.0567,17.85,6,67.51,1
M00613,Healthcare,1426,2982,7092.18,21148893.06,0.2239,0.0095,-21.92,1,47.51,0
M00614,Healthcare,1941,879,5872.92,5162295.15,0.1232,0.0547,-19.43,4,52.02,0
M00615,Education,1022,3876,2410.06,9341406.43,0.0077,0.0113,-8.8,5,32.19,0
M00616,Retail,1674,4158,1039.27,4321278.55,0.0892,0.0029,37.46,0,37.86,0
M00617,Services,1091,2444,3523.42,8611227.72,0.0868,0.028,-10.25,0,27.8,0
M00618,Services,643,1084,1269.9,1376572.07,0.1811,0.0226,0.62,0,55.55,0
M00619,Education,522,2237,3174.91,7102279.26,0.0627,0.0472,43.33,1,78.97,1
M00620,Gaming,1784,4037,4768.32,19249727.53,0.0421,0.0779,15.38,1,54.15,0
M00621,Gaming,811,2279,6562.5,14955934.55,0.1772,0.0204,-31.2,2,52.46,0
M00622,Gaming,1129,3771,7192.1,27121399.27,0.1875,0.0454,-40.78,3,69.5,1
M00623,Fashion,1671,2106,6575.12,13847205.88,0.0309,0.0097,7.35,2,18.57,0
M00624,Healthcare,1151,388,1226.56,475906.41,0.0093,0.001,62.53,1,64.1,0
M00625,Fashion,569,2824,1845.6,5211987.0,0.1374,0.0222,38.89,0,57.69,0
M00626,Retail,1634,170,3866.27,657265.9,0.1075,0.0751,14.42,4,60.48,0
M00627,Education,497,1154,6565.17,7576211.89,0.0376,0.054,24.63,2,65.98,1
M00628,Services,1270,2804,633.78,1777114.16,0.3343,0.047,26.51,1,91.62,1
M00629,Healthcare,1918,4184,3896.48,16302888.73,0.1643,0.0228,-35.89,0,42.46,0
M00630,Fashion,906,2366,2098.57,4965223.88,0.0428,0.0571,10.19,1,42.83,0
M00631,Fashion,1305,4917,5298.53,26052869.05,0.2126,0.0031,37.83,1,72.34,1
M00632,Food & Beverage,1222,2270,3323.06,7543356.67,0.0908,0.0162,57.28,0,80.13,1
M00633,Fashion,713,80,2249.46,179956.52,0.0414,0.0074,17.65,4,52.1,0
M00634,Crypto/Trading,1480,3030,3157.58,9567464.41,0.0544,0.0513,-28.97,3,38.53,0
M00635,Services,590,3921,5330.11,20899344.33,0.0266,0.0444,19.28,2,54.16,0
M00636,Crypto/Trading,799,1357,5452.11,7398512.62,0.0434,0.1068,18.87,4,92.15,1
M00637,Services,870,1204,3274.24,3942187.68,0.048,0.052,26.73,3,76.14,1
M00638,Education,256,4446,1950.73,8672955.93,0.0611,0.0775,15.16,3,90.73,1
M00639,Services,1996,1571,5361.79,8423379.28,0.1554,0.0136,51.51,0,76.45,1
M00640,Crypto/Trading,1109,4453,1722.62,7670831.48,0.0942,0.0577,9.75,1,62.43,0
M00641,Services,163,1649,454.82,750005.15,0.1831,0.0215,6.48,4,74.38,1
M00642,Education,1689,1347,6361.14,8568462.29,0.0886,0.0106,-1.56,1,24.62,0
M00643,Education,1468,1546,617.37,954456.92,0.0343,0.0052,7.44,0,15.52,0
M00644,Retail,1006,1693,2635.86,4462516.86,0.1208,0.0264,11.99,0,52.22,0
M00645,Services,1119,1381,948.93,1310477.33,0.0966,0.0194,8.06,2,41.64,0
M00646,Food & Beverage,706,1593,4944.59,7876732.28,0.1557,0.0318,24.57,1,77.24,1
M00647,Gaming,1318,2706,3578.92,9684571.04,0.1364,0.0479,-46.81,0,52.23,0
M00648,Electronics,1253,4390,891.72,3914647.33,0.1139,0.0663,1.6,1,59.11,0
M00649,Education,1102,2386,2144.03,5115664.45,0.1607,0.1022,17.94,2,89.35,1
M00650,Travel,1080,3777,6747.27,25484430.07,0.2127,0.01,12.04,1,57.02,0
M00651,Gaming,1018,2454,1388.01,3406179.68,0.0291,0.0014,-26.85,3,32.43,0
M00652,Healthcare,103,2013,3419.57,6883590.44,0.0344,0.0123,18.26,2,35.99,0
M00653,Services,1783,889,5569.27,4951079.01,0.0467,0.0185,6.24,2,29.09,0
M00654,Crypto/Trading,967,1034,4787.03,4949793.32,0.0545,0.0227,24.11,3,61.93,0
M00655,Electronics,1021,1931,1958.26,3781398.94,0.1351,0.02,19.41,2,63.04,0
M00656,Travel,462,622,2213.2,1376608.36,0.1809,0.0281,13.12,2,86.82,1
M00657,Gaming,1237,3841,1804.22,6930024.85,0.016,0.0394,5.09,1,19.97,0
M00658,Services,921,710,1853.04,1315659.67,0.0862,0.0421,12.15,3,49.81,0
M00659,Retail,227,513,4548.76,2333513.11,0.1119,0.0623,12.2,2,76.66,1
M00660,Healthcare,483,509,76.11,38741.1,0.0994,0.0235,38.19,1,80.49,1
M00661,Electronics,441,2576,1288.69,3319677.23,0.1393,0.0397,79.76,3,100.0,1
M00662,Food & Beverage,350,4505,2151.98,9694652.14,0.1562,0.0645,-21.85,0,76.27,1
M00663,Retail,560,314,1271.63,399292.3,0.0413,0.0776,-61.27,0,47.03,0
M00664,Travel,1645,4047,5565.54,22523756.97,0.0497,0.0524,-8.19,0,29.79,0
M00665,Electronics,1322,2863,1503.76,4305255.79,0.0809,0.0066,-18.53,3,36.66,0
M00666,Retail,1287,2932,1773.44,5199716.7,0.2632,0.0086,26.03,1,71.02,1
M00667,Healthcare,1767,1737,1990.25,3457063.91,0.0448,0.0784,42.3,1,84.77,1
M00668,Food & Beverage,366,2616,47.18,123409.87,0.0442,0.0181,25.39,1,59.06,0
M00669,Retail,32,4764,1529.9,7288431.27,0.1185,0.0395,-2.85,1,52.91,0
M00670,Fashion,1795,1893,3769.04,7134796.75,0.1115,0.0397,23.31,5,70.71,1
M00671,Food & Beverage,531,4683,2243.24,10505107.27,0.0647,0.0032,35.37,1,53.13,0
M00672,Travel,1791,3278,13452.21,44096328.71,0.1078,0.0824,21.64,2,67.38,1
M00673,Healthcare,1870,2837,937.95,2660974.75,0.0167,0.0252,18.79,0,25.8,0
M00674,Services,1133,464,1236.5,573737.29,0.0395,0.0109,2.12,2,25.2,0
M00675,Crypto/Trading,811,3661,2424.95,8877724.8,0.012,0.0087,-25.46,2,24.08,0
M00676,Crypto/Trading,1213,4478,475.99,2131479.9,0.1962,0.069,32.41,3,98.96,1
M00677,Crypto/Trading,1256,761,2919.15,2221472.54,0.0111,0.0439,47.36,3,59.52,0
M00678,Electronics,1939,2061,3846.68,7928014.77,0.1101,0.0068,-29.44,1,30.77,0
M00679,Travel,771,699,2953.97,2064821.93,0.0579,0.0142,24.15,0,32.35,0
M00680,Healthcare,1692,2487,1748.01,4347301.31,0.0427,0.1101,-15.05,2,61.03,0
M00681,Food & Beverage,451,3717,3592.28,13352495.48,0.0872,0.022,16.66,2,50.79,0
M00682,Electronics,1641,1378,2959.21,4077792.44,0.0265,0.0222,-29.99,6,35.62,0
M00683,Travel,778,82,2187.87,179404.94,0.1162,0.0415,24.52,3,73.06,1
M00684,Services,1025,2579,2889.43,7451848.45,0.0047,0.0396,15.69,2,47.63,0
M00685,Fashion,1358,3789,5325.04,20176584.51,0.1622,0.017,25.68,4,74.23,1
M00686,Healthcare,525,4371,1891.94,8269651.08,0.0515,0.0535,21.18,4,81.14,1
M00687,Crypto/Trading,1049,154,2841.93,437657.93,0.1253,0.0177,9.67,1,52.3,0
M00688,Retail,801,3664,1644.87,6026817.65,0.1064,0.0122,24.71,3,61.94,0
M00689,Healthcare,345,4990,4914.86,24525167.62,0.0634,0.0438,-6.14,2,57.14,0
M00690,Education,1792,4937,4096.11,20222486.76,0.0928,0.0027,19.39,3,37.52,0
M00691,Travel,267,2155,7772.26,16749221.42,0.0414,0.0647,-8.82,0,62.88,0
M00692,Gaming,506,3298,6148.38,20277342.84,0.1315,0.0138,20.63,1,54.92,0
M00693,Services,905,842,2917.94,2456908.6,0.1767,0.074,0.22,4,75.49,1
M00694,Fashion,169,3094,418.08,1293535.24,0.0453,0.004,17.22,3,34.96,0
M00695,Services,1508,3001,3333.91,10005049.86,0.0553,0.0271,-2.17,3,27.7,0
M00696,Healthcare,861,140,9673.98,1354356.72,0.196,0.0015,-1.69,1,42.26,0
M00697,Gaming,1697,1657,6494.97,10762171.84,0.1261,0.0327,-0.58,1,35.84,0
M00698,Education,1941,944,4359.77,4115625.8,0.2183,0.0055,-28.28,2,55.0,0
M00699,Food & Beverage,699,664,1393.09,925009.6,0.1614,0.0121,26.64,2,74.04,1
M00700,Retail,1708,2052,5992.48,12296575.38,0.1409,0.0233,6.16,7,66.81,1
M00701,Gaming,389,2781,2613.67,7268611.8,0.0873,0.0165,-27.23,1,38.81,0
M00702,Travel,1578,2088,3547.26,7406684.05,0.0257,0.0064,-8.57,2,11.03,0
M00703,Crypto/Trading,1962,261,367.91,96023.83,0.1387,0.0086,-9.97,3,51.04,0
M00704,Education,966,2688,1911.35,5137710.65,0.0244,0.0413,14.99,4,53.71,0
M00705,Retail,700,822,5183.73,4261029.94,0.02,0.0215,-0.24,2,35.76,0
M00706,Fashion,1460,4184,1555.07,6506417.98,0.0251,0.024,27.68,1,36.35,0
M00707,Crypto/Trading,1646,215,3746.78,805558.77,0.0211,0.035,-24.87,2,17.33,0
M00708,Healthcare,1301,2207,4861.1,10728449.13,0.1082,0.1234,15.84,0,97.23,1
M00709,Gaming,1868,3535,5255.64,18578701.69,0.0907,0.0521,13.86,2,56.32,0
M00710,Retail,1610,2350,1729.19,4063600.15,0.1262,0.0371,-5.51,1,38.88,0
M00711,Electronics,1450,2379,2481.09,5902504.56,0.0184,0.0322,11.37,4,40.72,0
M00712,Food & Beverage,1201,4861,5116.07,24869236.41,0.035,0.0103,4.08,1,15.33,0
M00713,Food & Beverage,1875,3626,2221.04,8053485.7,0.0326,0.017,35.2,2,42.61,0
M00714,Education,1076,296,1270.45,376052.17,0.0424,0.0109,7.12,2,35.07,0
M00715,Fashion,1589,80,10683.19,854654.85,0.237,0.0457,33.44,3,94.05,1
M00716,Education,294,3410,8761.09,29875314.69,0.1083,0.0405,25.85,2,82.19,1
M00717,Electronics,406,1933,1915.06,3701815.95,0.0819,0.0186,-26.14,3,22.75,0
M00718,Travel,21,3947,3491.35,13780363.18,0.188,0.0434,2.91,1,72.08,1
M00719,Fashion,1640,2611,4047.53,10568099.74,0.051,0.0109,25.8,0,42.5,0
M00720,Services,1335,586,4889.31,2865134.83,0.1434,0.034,11.11,1,36.0,0
M00721,Travel,1931,3955,2405.77,9514832.73,0.0208,0.0175,7.05,2,14.16,0
M00722,Fashion,1286,1591,1824.38,2902593.64,0.036,0.1002,8.59,2,53.91,0
M00723,Fashion,508,4737,5833.41,27632848.11,0.0837,0.0148,20.17,1,62.91,0
M00724,Electronics,763,1220,8736.12,10658069.66,0.1942,0.0645,-4.68,0,67.89,1
M00725,Healthcare,44,4429,5447.58,24127344.29,0.1052,0.0267,-2.16,1,50.14,0
M00726,Electronics,736,2874,2165.7,6224228.05,0.0431,0.0352,25.97,1,66.05,1
M00727,Fashion,858,2915,3827.14,11156126.29,0.1021,0.0218,10.21,0,42.73,0
M00728,Retail,99,1256,5062.99,6359116.82,0.0832,0.0134,0.6,3,41.11,0
M00729,Travel,785,156,954.53,148906.38,0.0158,0.0685,5.91,0,48.04,0
M00730,Electronics,614,1049,2910.46,3053069.04,0.2152,0.0226,17.79,0,72.85,1
M00731,Healthcare,1955,2176,7349.71,15992960.82,0.0152,0.0588,4.56,1,23.83,0
M00732,Gaming,979,2614,3069.89,8024702.08,0.1528,0.006,8.99,0,55.27,0
M00733,Education,1635,681,2628.65,1790109.05,0.1734,0.1659,-37.86,2,86.88,1
M00734,Fashion,1031,2492,1452.58,3619817.49,0.1311,0.0577,11.1,2,69.92,1
M00735,Services,427,2697,8075.02,21778318.57,0.1344,0.0164,1.75,0,57.24,0
M00736,Gaming,124,2328,835.34,1944680.37,0.0855,0.0209,28.01,2,69.33,1
M00737,Food & Beverage,626,106,4694.39,497605.42,0.0661,0.0517,3.75,1,33.88,0
M00738,Crypto/Trading,1936,2532,3281.51,8308779.19,0.0771,0.0514,42.07,1,81.3,1
M00739,Healthcare,1229,2962,3389.66,10040161.85,0.0363,0.0277,20.29,3,45.62,0
M00740,Services,835,2793,1438.25,4017031.92,0.013,0.0171,-13.6,1,29.7,0
M00741,Crypto/Trading,1534,2524,3818.98,9639095.16,0.0303,0.0505,-25.86,2,38.75,0
M00742,Healthcare,1659,3330,760.67,2533021.18,0.1504,0.0301,2.93,2,46.21,0
M00743,Retail,1526,1720,4469.72,7687918.86,0.1084,0.0131,5.71,1,17.33,0
M00744,Education,1108,3690,6707.57,24750939.59,0.0387,0.0256,-37.44,0,28.22,0
M00745,Gaming,422,2720,2834.27,7709226.23,0.0946,0.0149,3.7,0,44.8,0
M00746,Travel,1409,3649,5298.84,19335463.43,0.1814,0.0124,-3.23,2,31.28,0
M00747,Healthcare,1453,4610,1479.91,6822390.83,0.0827,0.0201,10.03,5,62.35,0
M00748,Travel,738,1667,4148.21,6915067.86,0.0917,0.021,55.43,3,85.05,1
M00749,Education,1310,3338,3190.46,10649750.77,0.0813,0.0433,-36.75,3,59.95,0
M00750,Fashion,1030,3707,5812.91,21548473.2,0.024,0.015,28.62,0,47.55,0
M00751,Food & Beverage,770,616,4059.79,2500831.13,0.1586,0.033,17.14,2,69.2,1
M00752,Gaming,685,4565,3500.93,15981766.38,0.0547,0.0592,-7.42,3,54.88,0
M00753,Education,1427,504,1173.34,591363.82,0.0523,0.0286,5.6,2,43.36,0
M00754,Education,1902,665,7535.03,5010794.09,0.0585,0.0562,27.84,3,75.71,1
M00755,Retail,466,3109,7066.31,21969149.99,0.095,0.0203,7.78,3,45.16,0
M00756,Crypto/Trading,929,4777,2105.45,10057756.34,0.2448,0.0355,-43.4,3,65.83,1
M00757,Food & Beverage,201,4873,5168.92,25188163.18,0.0762,0.0098,14.11,3,66.91,1
M00758,Gaming,748,4404,4091.61,18019436.31,0.1387,0.0472,23.05,4,75.59,1
M00759,Fashion,1722,740,991.52,733723.1,0.0472,0.0562,-5.33,1,35.5,0
M00760,Fashion,1132,4753,1869.49,8885666.27,0.1135,0.0136,26.59,1,49.93,0
M00761,Electronics,1581,518,735.62,381052.48,0.1355,0.031,28.57,4,77.69,1
M00762,Education,987,4749,586.71,2786277.22,0.0299,0.0512,37.64,2,51.51,0
M00763,Healthcare,1018,1693,3381.29,5724527.95,0.0366,0.0555,30.08,3,76.43,1
M00764,Retail,105,3087,3659.02,11295399.45,0.1287,0.0566,68.63,0,100.0,1
M00765,Food & Beverage,1697,134,2097.33,281042.35,0.1022,0.0186,34.15,3,67.37,1
M00766,Fashion,672,2999,4119.24,12353594.07,0.0451,0.0785,9.25,2,58.2,0
M00767,Gaming,1223,4789,4911.78,23522524.15,0.0927,0.0437,25.03,2,36.83,0
M00768,Electronics,1769,1756,4285.42,7525191.39,0.1979,0.0129,8.29,2,44.37,0
M00769,Gaming,46,3631,2247.1,8159229.15,0.0737,0.0244,-1.21,1,48.57,0
M00770,Retail,1813,2273,3739.11,8499002.95,0.1069,0.0392,-21.02,3,42.4,0
M00771,Healthcare,1402,2314,8041.22,18607372.82,0.0715,0.081,2.02,6,75.75,1
M00772,Electronics,1728,3650,1743.81,6364908.71,0.0858,0.0051,27.39,3,46.79,0
M00773,Electronics,1558,166,3862.04,641098.8,0.1111,0.0158,-15.05,2,31.25,0
M00774,Crypto/Trading,288,4002,700.09,2801765.96,0.171,0.009,15.48,1,74.56,1
M00775,Food & Beverage,226,3473,5034.65,17485354.1,0.1533,0.0417,-3.4,3,60.88,0
M00776,Electronics,876,4527,5191.0,23499675.34,0.0218,0.0761,6.3,2,61.18,0
M00777,Crypto/Trading,882,2430,3801.64,9237984.05,0.0398,0.0533,4.9,2,54.67,0
M00778,Crypto/Trading,1831,156,3499.36,545900.28,0.0625,0.0199,11.19,2,52.97,0
M00779,Retail,1306,3380,7099.96,23997850.48,0.1163,0.0669,63.02,1,100.0,1
M00780,Travel,1914,3025,1533.73,4639547.5,0.0805,0.029,-6.58,0,28.91,0
M00781,Gaming,71,3572,1303.95,4657705.95,0.3088,0.0454,5.55,2,99.87,1
M00782,Healthcare,605,38,3637.92,138240.84,0.0272,0.0412,1.11,1,48.51,0
M00783,Services,1913,2262,3822.22,8645851.66,0.0229,0.0207,-31.03,2,13.43,0
M00784,Gaming,738,468,4593.64,2149823.07,0.0736,0.0332,27.98,1,76.41,1
M00785,Electronics,1375,1968,3625.95,7135863.09,0.1016,0.0287,-14.34,5,47.72,0
M00786,Healthcare,406,965,2675.52,2581876.45,0.0314,0.051,40.8,2,85.14,1
M00787,Fashion,708,4256,2223.92,9465011.63,0.0322,0.0244,-13.12,2,36.42,0
M00788,Travel,1052,1940,2262.75,4389743.96,0.0584,0.0401,16.08,1,44.09,0
M00789,Fashion,186,2997,7643.61,22907892.96,0.2198,0.0588,49.8,1,100.0,1
M00790,Fashion,1645,4208,2378.77,10009847.46,0.2001,0.0052,17.84,2,49.53,0
M00791,Food & Beverage,405,4035,523.64,2112884.68,0.0593,0.0256,-8.24,3,45.85,0
M00792,Gaming,454,258,4034.81,1040981.33,0.2252,0.0113,-15.88,2,47.53,0
M00793,Services,1266,224,7080.59,1586051.55,0.0465,0.0548,-48.44,6,46.34,0
M00794,Retail,1948,2627,261.9,688004.95,0.0724,0.0501,-2.91,1,30.88,0
M00795,Services,85,4360,2389.2,10416911.31,0.2922,0.0082,-29.08,0,65.01,1
M00796,Fashion,274,4947,8110.86,40124445.6,0.0078,0.0189,5.63,6,60.15,0
M00797,Electronics,464,3408,4413.57,15041439.96,0.0894,0.0748,-4.31,0,66.64,1
M00798,Travel,1829,2992,2314.71,6925603.59,0.14,0.0339,8.82,2,48.39,0
M00799,Education,727,4410,2934.83,12942579.53,0.0271,0.0834,-22.46,4,76.68,1
M00800,Services,744,2707,3686.86,9980340.61,0.0276,0.087,-6.85,0,54.17,0
M00801,Fashion,1417,4971,4034.29,20054442.88,0.0225,0.0769,19.32,1,63.79,0
M00802,Travel,1597,4186,5256.07,22001900.14,0.1149,0.0299,13.58,3,37.98,0
M00803,Healthcare,860,1368,2533.28,3465528.71,0.0936,0.0353,-39.68,1,35.03,0
M00804,Gaming,1539,4420,3977.42,17580178.03,0.0365,0.0176,25.55,2,51.94,0
M00805,Crypto/Trading,1400,836,833.91,697146.56,0.0109,0.0339,-20.81,3,35.44,0
M00806,Food & Beverage,153,840,2704.95,2272157.81,0.0207,0.0192,-32.96,5,58.63,0
M00807,Travel,894,212,2275.84,482478.44,0.145,0.0591,-0.27,2,76.19,1
M00808,Electronics,1102,1796,2769.42,4973882.2,0.0168,0.0893,65.73,2,100.0,1
M00809,Electronics,1132,3665,1090.16,3995430.69,0.0954,0.0425,-3.1,2,55.2,0
M00810,Travel,405,4644,1463.08,6794531.61,0.0656,0.0266,7.7,1,37.73,0
M00811,Electronics,1058,270,6449.11,1741259.53,0.2396,0.0786,22.39,2,88.0,1
M00812,Gaming,957,1808,1471.06,2659671.66,0.1546,0.1181,-16.51,4,95.41,1
M00813,Electronics,900,3720,3167.06,11781479.52,0.1368,0.0453,12.91,2,72.11,1
M00814,Services,1502,2483,670.83,1665666.44,0.2853,0.0176,-15.45,0,57.51,0
M00815,Crypto/Trading,1517,1187,1268.71,1505953.24,0.095,0.0181,19.04,0,49.19,0
M00816,Electronics,1598,3913,14021.59,54866470.12,0.0702,0.011,15.13,1,29.4,0
M00817,Crypto/Trading,1184,1116,4664.12,5205155.67,0.044,0.0247,12.89,1,46.12,0
M00818,Fashion,1177,2699,2296.21,6197472.19,0.1495,0.0528,9.37,1,58.11,0
M00819,Retail,578,1867,1391.9,2598679.19,0.0175,0.0022,55.37,5,96.13,1
M00820,Gaming,1072,3924,1480.32,5808783.45,0.2329,0.0176,10.94,1,69.85,1
M00821,Retail,118,524,9269.78,4857364.2,0.1722,0.0692,18.3,1,100.0,1
M00822,Fashion,1726,1641,4992.09,8192019.78,0.1065,0.0806,14.23,2,58.39,0
M00823,Gaming,1075,2492,32.24,80348.37,0.1327,0.0117,-20.03,3,39.47,0
M00824,Travel,1219,2566,2354.38,6041349.63,0.0472,0.0553,-14.22,0,36.33,0
M00825,Travel,944,1407,839.99,1181868.26,0.0697,0.0812,-22.09,3,53.19,0
M00826,Crypto/Trading,407,3014,3692.57,11129402.39,0.2024,0.0267,-14.56,3,78.9,1
M00827,Fashion,1256,3836,3630.68,13927277.04,0.0807,0.024,-7.66,2,35.59,0
M00828,Crypto/Trading,643,737,3607.17,2658486.67,0.1271,0.0162,-0.05,1,30.02,0
M00829,Food & Beverage,1166,3504,3925.53,13755041.51,0.1004,0.0121,-0.34,1,27.26,0
M00830,Electronics,1196,4454,1436.57,6398505.0,0.0565,0.004,19.41,0,24.66,0
M00831,Education,1248,678,2842.98,1927541.87,0.0915,0.0982,38.76,3,100.0,1
M00832,Food & Beverage,742,4028,4019.54,16190697.87,0.1078,0.0279,33.58,2,77.61,1
M00833,Electronics,244,4544,8398.05,38160728.41,0.1228,0.0741,11.96,2,86.35,1
M00834,Gaming,1876,4254,6515.0,27714812.43,0.0831,0.084,-15.77,0,55.15,0
M00835,Crypto/Trading,667,3784,13847.94,52400592.14,0.148,0.0675,31.23,2,100.0,1
M00836,Gaming,760,3009,4233.88,12739754.22,0.0425,0.0087,-8.77,2,42.76,0
M00837,Gaming,597,4657,2244.13,10450918.02,0.1675,0.1304,15.86,3,100.0,1
M00838,Electronics,1042,2124,4861.19,10325162.17,0.1165,0.0834,12.03,1,90.06,1
M00839,Fashion,1107,1275,1392.89,1775933.37,0.071,0.0336,-21.54,1,34.42,0
M00840,Electronics,963,2502,11744.3,29384228.39,0.0268,0.0656,-8.15,1,44.48,0
M00841,Healthcare,501,403,3490.93,1406845.53,0.1209,0.0189,17.83,1,58.49,0
M00842,Travel,922,2627,5917.19,15544466.4,0.1063,0.0585,1.18,2,62.38,0
M00843,Travel,1286,213,3300.96,703103.87,0.0638,0.0395,77.81,3,88.84,1
M00844,Food & Beverage,1263,3827,855.35,3273443.5,0.0858,0.0198,-6.13,0,28.34,0
M00845,Travel,1552,3739,2754.07,10297485.49,0.047,0.0684,-20.2,1,44.27,0
M00846,Electronics,1207,2601,2447.45,6365814.77,0.0625,0.0399,6.82,2,31.26,0
M00847,Services,1686,2585,461.65,1193375.05,0.2626,0.0131,-3.06,2,40.14,0
M00848,Crypto/Trading,1201,2783,478.55,1331812.45,0.0809,0.1001,-37.88,2,59.57,0
M00849,Electronics,179,2818,5800.97,16347147.24,0.061,0.0264,25.89,1,55.72,0
M00850,Electronics,1426,2359,1363.99,3217644.59,0.0205,0.0472,29.78,5,66.88,1
M00851,Education,955,3426,3327.45,11399834.97,0.0845,0.0042,26.34,1,47.81,0
M00852,Crypto/Trading,804,751,2792.11,2096872.91,0.0802,0.0219,13.01,2,58.54,0
M00853,Healthcare,643,2892,2456.54,7104315.45,0.121,0.0186,1.63,5,52.42,0
M00854,Travel,1227,3140,3473.49,10906772.79,0.0792,0.0144,9.32,2,35.91,0
M00855,Crypto/Trading,1550,4800,6524.0,31315183.56,0.062,0.0476,1.94,2,48.43,0
M00856,Travel,38,4197,3255.57,13663635.56,0.1162,0.0239,-10.84,2,37.37,0
M00857,Food & Beverage,1198,2624,5832.81,15305282.34,0.2201,0.0155,43.51,3,100.0,1
M00858,Crypto/Trading,1455,2402,5516.51,13250667.93,0.0148,0.0059,36.62,3,36.16,0
M00859,Travel,348,551,4263.54,2349209.89,0.0419,0.0395,21.51,1,66.96,1
M00860,Healthcare,1681,4336,3740.13,16217186.91,0.0908,0.0019,-5.66,0,24.33,0
M00861,Retail,1529,654,555.72,363439.65,0.04,0.0074,19.62,0,41.9,0
M00862,Gaming,1398,1789,2001.03,3579834.55,0.0468,0.0135,-0.96,3,21.72,0
M00863,Gaming,1866,3824,7616.61,29125929.9,0.0433,0.0281,-1.94,4,31.41,0
M00864,Healthcare,1375,2390,2217.09,5298853.88,0.0352,0.0176,4.6,4,25.05,0
M00865,Education,509,22,3005.84,66128.46,0.1516,0.0285,16.03,2,67.4,1
M00866,Retail,1690,225,2842.96,639665.13,0.0209,0.024,-5.02,3,24.01,0
M00867,Food & Beverage,520,4155,2025.6,8416385.99,0.1081,0.0142,1.52,1,53.33,0
M00868,Healthcare,1360,2641,3334.41,8806183.75,0.0357,0.0654,37.93,1,75.58,1
M00869,Gaming,226,4759,2893.81,13771640.1,0.051,0.0255,-36.85,1,38.32,0
M00870,Gaming,1334,2910,2341.14,6812712.87,0.0615,0.0042,30.43,3,50.55,0
M00871,Gaming,1165,3213,1352.63,4345992.4,0.0423,0.0049,1.71,2,20.34,0
M00872,Fashion,1837,2686,1201.51,3227243.29,0.1038,0.0301,-6.51,1,30.33,0
M00873,Healthcare,1103,3326,5312.3,17668703.22,0.1485,0.0344,-2.57,1,48.65,0
M00874,Electronics,1285,917,101.48,93056.09,0.0162,0.0158,5.28,1,38.63,0
M00875,Food & Beverage,1448,1105,3356.94,3709416.97,0.0681,0.0192,28.21,3,58.21,0
M00876,Gaming,1820,1299,6460.89,8392691.53,0.3771,0.0292,9.39,3,78.25,1
M00877,Travel,454,690,3704.3,2555968.51,0.0372,0.01,-7.29,4,57.9,0
M00878,Healthcare,885,1525,2700.21,4117821.85,0.0125,0.0182,22.27,3,55.4,0
M00879,Fashion,1215,3595,1497.98,5385236.86,0.2109,0.0098,2.6,3,62.27,0
M00880,Healthcare,176,4834,3149.88,15226500.47,0.0466,0.0618,18.18,3,71.78,1
M00881,Food & Beverage,100,1975,6746.8,13324920.36,0.0717,0.0497,11.79,1,68.45,1
M00882,Fashion,723,269,6298.16,1694203.72,0.0161,0.0431,-21.55,1,37.88,0
M00883,Food & Beverage,1891,1912,3115.71,5957245.22,0.0892,0.0464,19.29,3,46.6,0
M00884,Healthcare,1564,3459,5565.12,19249763.73,0.0621,0.0712,-36.11,0,45.8,0
M00885,Electronics,48,1873,2645.26,4954563.87,0.1044,0.0172,2.5,1,37.03,0
M00886,Food & Beverage,1159,2874,2063.82,5931406.08,0.0026,0.104,-20.24,2,58.76,0
M00887,Fashion,1484,1523,5058.09,7703476.7,0.0204,0.0552,-44.32,3,42.42,0
M00888,Fashion,182,3405,7956.4,27091555.02,0.058,0.0063,11.16,0,31.05,0
M00889,Food & Beverage,662,3591,8344.4,29964737.53,0.1792,0.0259,25.83,1,75.23,1
M00890,Services,763,3812,3842.45,14647415.82,0.0611,0.0013,4.22,1,33.19,0
M00891,Healthcare,1253,3446,1351.89,4658614.63,0.0465,0.0645,37.11,2,71.83,1
M00892,Services,1671,63,318.86,20088.31,0.1178,0.0067,5.01,2,37.3,0
M00893,Education,1091,3632,1581.08,5742471.01,0.1573,0.08,9.43,1,85.4,1
M00894,Healthcare,1693,2638,3525.08,9299150.49,0.0701,0.0029,-16.06,0,21.49,0
M00895,Food & Beverage,485,4698,6680.99,31387298.94,0.0706,0.0709,19.55,1,70.28,1
M00896,Retail,465,3183,1082.71,3446272.77,0.2301,0.0302,18.43,1,91.32,1
M00897,Food & Beverage,838,1308,3457.81,4522813.28,0.085,0.0582,-5.45,3,62.67,0
M00898,Services,904,2962,2904.84,8604134.55,0.0674,0.0188,-27.05,2,33.22,0
M00899,Electronics,1394,239,2549.98,609445.91,0.0226,0.1332,-32.34,4,69.81,1
M00900,Food & Beverage,1968,1945,3340.21,6496706.77,0.0698,0.01,30.19,3,52.9,0
M00901,Food & Beverage,1034,2992,10271.85,30733378.92,0.1127,0.0035,-24.15,1,39.65,0
M00902,Electronics,396,3533,3021.74,10675811.57,0.1039,0.0463,43.06,3,100.0,1
M00903,Food & Beverage,357,2468,4089.51,10092914.5,0.0337,0.0214,-14.6,4,46.96,0
M00904,Gaming,199,3491,924.54,3227565.77,0.1507,0.0442,-2.46,0,55.56,0
M00905,Retail,514,2794,7244.12,20240070.7,0.076,0.0305,75.79,2,100.0,1
M00906,Travel,1224,1010,6715.08,6782230.91,0.0851,0.0704,-6.77,3,50.81,0
M00907,Retail,1541,2966,677.91,2010687.03,0.1336,0.0208,-19.1,3,44.28,0
M00908,Food & Beverage,1402,1832,353.88,648314.35,0.0683,0.0184,-3.48,3,46.96,0
M00909,Gaming,1442,4973,5780.41,28745999.47,0.0732,0.004,-32.93,2,16.08,0
M00910,Healthcare,833,823,4424.61,3641455.42,0.103,0.0453,-2.06,3,49.8,0
M00911,Food & Beverage,938,509,808.51,411532.97,0.0833,0.0009,6.81,4,48.48,0
M00912,Services,943,3576,1812.8,6482556.29,0.0334,0.1235,29.84,4,93.84,1
M00913,Gaming,1150,1513,2776.21,4200401.32,0.0774,0.0251,17.74,0,56.61,0
M00914,Electronics,143,3665,1357.86,4976539.26,0.0428,0.0274,8.64,2,56.67,0
M00915,Gaming,67,2911,1783.43,5191562.41,0.0744,0.0257,58.75,3,100.0,1
M00916,Electronics,1589,1725,4182.32,7214496.39,0.0189,0.0212,20.0,1,43.51,0
M00917,Education,694,3536,4767.49,16857862.16,0.024,0.0241,40.88,1,51.65,0
M00918,Travel,681,3360,4671.8,15697243.5,0.0344,0.008,27.28,2,40.73,0
M00919,Crypto/Trading,182,73,6293.42,459419.77,0.0429,0.0516,39.91,1,90.76,1
M00920,Gaming,1862,2595,2644.52,6862530.52,0.0717,0.0037,33.69,2,44.1,0
M00921,Fashion,824,3611,8855.0,31975420.4,0.1086,0.0421,25.86,2,71.0,1
M00922,Services,1182,635,2759.25,1752123.91,0.0098,0.0571,20.24,2,60.34,0
M00923,Food & Beverage,89,974,4882.97,4756013.71,0.0283,0.0314,42.14,2,76.86,1
M00924,Services,895,2453,3576.12,8772220.45,0.0293,0.0097,-9.65,2,33.96,0
M00925,Retail,1246,1649,6224.81,10264705.58,0.0672,0.0421,-13.35,1,42.07,0
M00926,Crypto/Trading,212,2801,4868.34,13636214.04,0.1321,0.0286,-34.91,3,56.54,0
M00927,Retail,773,669,7431.87,4971923.79,0.0702,0.038,18.11,2,57.71,0
M00928,Education,1262,2367,3891.35,9210820.18,0.0258,0.0185,34.05,2,53.95,0
M00929,Crypto/Trading,1709,4510,5627.92,25381898.59,0.1509,0.033,-20.99,0,41.85,0
M00930,Crypto/Trading,1260,3298,4142.69,13662596.34,0.0843,0.028,-13.11,3,46.67,0
M00931,Retail,1692,2660,11648.12,30984007.57,0.0606,0.0204,41.02,2,60.48,0
M00932,Electronics,1565,3821,6816.94,26047519.39,0.0564,0.0013,22.36,2,36.55,0
M00933,Retail,1474,2581,8233.56,21250825.46,0.2201,0.0242,21.27,0,63.53,0
M00934,Services,1435,3269,4037.56,13198786.14,0.0485,0.0011,15.37,3,31.2,0
M00935,Electronics,56,390,3344.55,1304376.05,0.0215,0.0722,-0.3,1,67.38,1
M00936,Services,1266,877,10955.69,9608136.6,0.1071,0.0002,-33.87,0,16.48,0
M00937,Education,1338,4906,1465.5,7189723.57,0.0914,0.0123,19.8,2,37.0,0
M00938,Food & Beverage,1559,4773,2897.78,13831097.35,0.0477,0.0066,58.29,0,67.99,1
M00939,Healthcare,1176,403,1206.35,486157.51,0.1672,0.0201,12.48,0,55.2,0
M00940,Electronics,1448,3897,5905.16,23012423.74,0.0423,0.0479,-23.59,3,56.56,0
M00941,Education,1546,2572,3058.63,7866807.7,0.1025,0.0535,-0.01,4,52.65,0
M00942,Fashion,1406,4354,4402.01,19166367.46,0.0258,0.0874,28.75,2,73.53,1
M00943,Education,1599,4310,8136.51,35068348.62,0.0737,0.1171,31.72,3,89.7,1
M00944,Retail,1919,2745,2333.61,6405749.45,0.3644,0.0115,43.94,2,100.0,1
M00945,Retail,1292,4054,3387.04,13731046.71,0.0254,0.0246,31.51,2,38.04,0
M00946,Healthcare,665,3313,1686.65,5587884.31,0.1682,0.0744,-44.94,3,62.25,0
M00947,Education,480,4271,5376.68,22963792.15,0.0976,0.034,10.74,0,47.67,0
M00948,Travel,1986,4008,2449.66,9818236.1,0.0947,0.035,-31.05,2,34.89,0
M00949,Food & Beverage,980,942,1749.91,1648416.91,0.2448,0.0094,20.86,1,65.68,1
M00950,Retail,1045,2935,5949.51,17461821.07,0.0664,0.0421,23.31,1,53.37,0
M00951,Healthcare,1363,2970,5318.74,15796658.0,0.0599,0.0291,-15.51,0,14.93,0
M00952,Food & Beverage,745,3066,2417.88,7413216.09,0.086,0.0425,-2.51,3,56.5,0
M00953,Education,793,994,1551.94,1542629.02,0.0371,0.039,-11.07,0,27.55,0
M00954,Education,977,1250,1799.48,2249355.93,0.1222,0.0822,25.52,2,100.0,1
M00955,Crypto/Trading,367,2455,8743.49,21465256.94,0.0714,0.0255,3.03,1,42.11,0
M00956,Healthcare,981,1834,5038.3,9240241.49,0.0184,0.0393,-11.06,2,26.28,0
M00957,Retail,1441,2954,1702.31,5028618.55,0.0831,0.0163,24.63,1,28.81,0
M00958,Travel,677,4953,3849.58,19066970.89,0.0549,0.0064,20.24,2,36.38,0
M00959,Education,382,1383,1857.7,2569201.07,0.0271,0.0175,25.46,0,47.12,0
M00960,Travel,1041,3960,6765.18,26790108.32,0.1565,0.0138,-33.54,2,25.57,0
M00961,Education,1155,223,6651.8,1483350.48,0.0783,0.0467,-9.51,2,38.56,0
M00962,Retail,1381,180,2402.54,432456.64,0.0836,0.0565,21.99,2,60.65,0
M00963,Food & Beverage,685,4507,2531.34,11408727.8,0.2056,0.0106,-36.56,6,60.32,0
M00964,Gaming,99,788,580.84,457705.33,0.0197,0.1066,-35.87,0,59.94,0
M00965,Food & Beverage,1681,3768,2092.08,7882960.36,0.0677,0.0816,-13.35,4,54.25,0
M00966,Education,707,2601,15079.08,39220675.17,0.0739,0.0218,24.33,1,48.94,0
M00967,Services,1349,1113,3279.67,3650272.66,0.081,0.0657,5.28,2,66.91,1
M00968,Gaming,1211,4520,5623.95,25420250.22,0.0408,0.1424,17.67,5,95.17,1
M00969,Gaming,549,627,1258.29,788948.91,0.0957,0.0486,-19.6,1,30.26,0
M00970,Travel,741,1560,11016.62,17185919.72,0.1614,0.0286,-19.85,2,41.17,0
M00971,Healthcare,878,2895,3022.92,8751361.58,0.0682,0.0108,39.8,0,62.41,0
M00972,Travel,50,3211,1521.57,4885754.31,0.1034,0.0676,15.62,3,87.13,1
M00973,Travel,749,1857,5556.66,10318721.31,0.1777,0.0174,-21.87,2,47.94,0
M00974,Services,1737,709,11939.56,8465147.86,0.0859,0.0213,-44.45,2,18.76,0
M00975,Food & Beverage,1956,3779,5288.97,19987031.74,0.0569,0.0394,-30.19,5,45.44,0
M00976,Food & Beverage,511,2969,9565.56,28400150.77,0.188,0.0327,-21.41,4,55.47,0
M00977,Fashion,968,2123,4056.14,8611174.91,0.0503,0.0224,-26.75,0,29.82,0
M00978,Education,1178,385,1143.44,440224.22,0.0584,0.0252,4.16,1,29.95,0
M00979,Services,1234,3595,565.07,2031419.58,0.0494,0.025,21.79,1,49.49,0
M00980,Fashion,938,4570,3186.93,14564256.91,0.0337,0.0534,2.75,6,53.19,0
M00981,Retail,1757,4219,546.31,2304871.51,0.0234,0.016,-6.38,1,27.03,0
M00982,Education,470,4192,2671.09,11197195.21,0.0311,0.048,13.59,2,41.27,0
M00983,Education,741,4345,2980.94,12952203.86,0.1335,0.0521,-3.46,2,64.05,0
M00984,Crypto/Trading,761,2398,1272.44,3051317.57,0.0599,0.0093,-37.85,1,25.33,0
M00985,Crypto/Trading,934,1225,318.22,389814.35,0.0594,0.0307,10.07,2,40.28,0
M00986,Electronics,918,3859,3543.73,13675267.11,0.0117,0.0473,14.81,3,62.39,0
M00987,Electronics,1591,2755,1139.67,3139779.03,0.0323,0.0407,35.09,2,51.13,0
M00988,Travel,1580,3367,3572.01,12026958.91,0.0255,0.0544,28.04,2,60.09,0
M00989,Retail,1286,1695,2695.79,4569358.75,0.1006,0.0049,-8.99,2,31.17,0
M00990,Gaming,399,318,1516.93,482383.8,0.1427,0.0331,-0.42,4,52.79,0
M00991,Gaming,1627,976,971.43,948118.67,0.0934,0.0556,5.88,1,54.3,0
M00992,Crypto/Trading,892,1134,8167.61,9262074.07,0.0512,0.0305,10.34,0,55.42,0
M00993,Crypto/Trading,265,2525,5530.5,13964504.83,0.1563,0.0237,42.36,2,100.0,1
M00994,Crypto/Trading,718,1494,5647.53,8437408.63,0.0594,0.0114,3.34,1,35.15,0
M00995,Services,1848,4480,8347.97,37398920.42,0.1347,0.0427,-8.01,4,48.99,0
M00996,Healthcare,1954,4466,5244.93,23423867.06,0.0054,0.0322,36.05,3,58.52,0
M00997,Electronics,459,3746,4088.82,15316725.46,0.1335,0.0442,35.44,3,98.21,1
M00998,Services,19,3491,2794.5,9755615.83,0.0293,0.0198,27.5,5,69.85,1
M00999,Food & Beverage,833,2848,1901.99,5416854.3,0.0218,0.0163,-35.09,2,8.35,0
M01000,Gaming,807,2870,2531.47,7265326.76,0.1121,0.0278,7.02,0,33.03,0
M01001,Education,1275,2526,1746.75,4412281.75,0.1405,0.0692,-0.85,2,65.69,1
M01002,Electronics,1284,3790,3330.87,12624006.19,0.2555,0.0042,15.91,1,65.5,1
M01003,Fashion,886,2984,7088.35,21151632.16,0.0407,0.0462,-16.77,2,38.0,0
M01004,Food & Beverage,1038,4614,4231.02,19521942.23,0.1635,0.0162,25.5,2,69.24,1
M01005,Electronics,1152,969,3555.06,3444857.1,0.035,0.037,13.94,0,27.98,0
M01006,Services,1025,4623,4499.95,20803266.63,0.1127,0.0354,26.88,3,69.89,1
M01007,Retail,1834,2870,3375.26,9687005.76,0.2098,0.0281,-13.7,3,50.68,0
M01008,Education,383,185,5850.34,1082313.13,0.143,0.039,11.63,1,49.82,0
M01009,Electronics,1098,3506,1584.6,5555605.21,0.1096,0.0481,24.71,4,77.16,1
M01010,Healthcare,155,2529,456.11,1153493.76,0.0712,0.0259,-58.73,2,33.3,0
M01011,Crypto/Trading,233,939,2963.59,2782812.77,0.0578,0.0491,21.67,2,76.33,1
M01012,Crypto/Trading,1272,133,4602.81,612173.07,0.0394,0.0229,-4.01,1,28.02,0
M01013,Education,186,3524,548.7,1933602.8,0.0759,0.0346,4.41,1,44.55,0
M01014,Services,1812,1011,3975.75,4019487.86,0.1416,0.0058,36.31,2,52.34,0
M01015,Crypto/Trading,862,3859,6454.83,24909203.83,0.0222,0.0069,32.29,1,35.16,0
M01016,Electronics,1315,1278,1346.71,1721101.58,0.034,0.0035,-9.48,4,21.52,0
M01017,Fashion,72,3446,5048.4,17396798.27,0.1101,0.0581,-37.19,2,71.2,1
M01018,Gaming,1250,534,996.29,532016.29,0.1355,0.091,3.08,3,73.0,1
M01019,Gaming,1887,4824,7761.96,37443700.77,0.1877,0.0298,31.56,2,71.07,1
M01020,Food & Beverage,836,3216,1026.69,3301832.28,0.0274,0.0251,37.86,3,56.23,0
M01021,Travel,804,4454,2886.94,12858445.42,0.086,0.0504,-47.31,1,43.99,0
M01022,Retail,698,2604,5368.38,13979254.54,0.0231,0.0653,19.94,1,59.72,0
M01023,Education,1494,87,2857.29,248584.14,0.0603,0.0061,16.55,1,33.78,0
M01024,Food & Beverage,1962,1616,55.48,89649.25,0.1333,0.0389,24.3,3,62.97,0
M01025,Travel,1643,4498,3555.5,15992639.87,0.0753,0.1095,5.33,4,78.5,1
M01026,Services,114,38,1379.54,52422.46,0.0508,0.0131,-39.25,0,36.95,0
M01027,Healthcare,1132,2750,1600.24,4400653.86,0.1199,0.0313,-6.45,1,54.42,0
M01028,Healthcare,520,3541,6275.48,22221477.93,0.0437,0.0303,-17.99,1,38.24,0
M01029,Retail,394,592,9031.46,5346626.15,0.1186,0.0532,-20.85,2,64.48,0
M01030,Crypto/Trading,414,2278,4177.57,9516508.13,0.2536,0.0188,24.6,0,76.93,1
M01031,Electronics,832,2922,3884.51,11350538.24,0.1752,0.0375,0.73,3,74.86,1
M01032,Food & Beverage,527,670,121.44,81363.56,0.2151,0.0414,14.84,1,74.66,1
M01033,Food & Beverage,485,2607,11996.29,31274332.96,0.1326,0.1072,31.41,1,100.0,1
M01034,Education,718,3282,3796.32,12459522.71,0.1249,0.078,-38.13,1,61.84,0
M01035,Education,1896,1358,4001.58,5434146.45,0.0707,0.08,45.08,2,84.57,1
M01036,Healthcare,1678,3654,2020.02,7381142.94,0.1029,0.066,49.66,3,93.93,1
M01037,Healthcare,1903,2847,3712.97,10570819.24,0.0993,0.0647,-39.4,3,35.11,0
M01038,Fashion,780,2237,6491.09,14520574.21,0.1383,0.0476,22.32,1,74.44,1
M01039,Fashion,1470,3559,10142.99,36098901.28,0.0511,0.0142,54.74,2,67.8,1
M01040,Crypto/Trading,1056,1057,3998.75,4226679.21,0.0262,0.0709,-29.91,1,39.34,0
M01041,Fashion,1006,4403,426.68,1878674.82,0.0759,0.1381,-24.32,3,77.52,1
M01042,Electronics,1598,3998,2472.36,9884513.14,0.1075,0.0801,25.34,0,67.35,1
M01043,Electronics,686,2981,2882.02,8591302.16,0.27,0.0051,16.46,1,63.34,0
M01044,Food & Beverage,723,3246,7915.89,25694980.57,0.0696,0.0606,10.46,2,57.82,0
M01045,Gaming,1491,1118,2724.0,3045434.79,0.0451,0.0979,-1.26,0,45.65,0
M01046,Electronics,92,2344,13063.21,30620175.28,0.1105,0.011,8.88,3,53.39,0
M01047,Travel,1178,959,1526.98,1464371.89,0.0298,0.0177,-57.89,1,28.85,0
M01048,Healthcare,1118,3736,1227.74,4586836.5,0.0507,0.0954,-24.99,2,53.29,0
M01049,Education,1111,3434,5534.47,19005353.96,0.1869,0.0219,2.2,0,42.78,0
M01050,Fashion,466,1468,3319.43,4872926.04,0.0517,0.008,-47.76,1,30.22,0
M01051,Food & Beverage,1911,590,1517.45,895296.08,0.1147,0.0405,1.49,2,33.65,0
M01052,Retail,10,2924,922.63,2697761.76,0.0888,0.0652,4.57,1,72.07,1
M01053,Education,60,2525,2598.62,6561516.39,0.0844,0.0914,-13.43,3,69.89,1
M01054,Travel,694,937,10959.16,10268729.86,0.2275,0.0287,-11.97,2,65.75,1
M01055,Fashion,726,1894,703.75,1332903.07,0.0388,0.077,-21.14,2,63.86,0
M01056,Travel,1805,4948,3663.6,18127471.52,0.056,0.0149,-7.11,1,11.45,0
M01057,Healthcare,1479,1698,2763.49,4692412.76,0.0203,0.1119,14.0,2,63.83,0
M01058,Healthcare,458,635,2315.25,1470182.78,0.0432,0.0178,15.73,0,38.0,0
M01059,Crypto/Trading,890,4521,7581.82,34277419.79,0.054,0.0181,30.61,2,57.11,0
M01060,Food & Beverage,497,1769,7924.62,14018647.72,0.1178,0.0216,1.07,1,44.17,0
M01061,Education,1833,3845,2267.21,8717417.42,0.0537,0.0277,16.43,1,36.79,0
M01062,Services,43,4208,4061.58,17091143.1,0.037,0.0266,-31.28,1,42.81,0
M01063,Services,1381,2497,7589.77,18951645.91,0.051,0.0355,10.2,4,46.71,0
M01064,Education,104,4769,5047.12,24069694.0,0.0236,0.0193,-0.57,4,30.52,0
M01065,Retail,1105,3525,2476.36,8729166.92,0.0157,0.0491,17.48,1,58.14,0
M01066,Food & Beverage,1584,3495,17364.43,60688690.9,0.0329,0.1532,-2.05,1,76.81,1
M01067,Travel,163,4549,9581.03,43584126.4,0.1385,0.0216,-4.41,1,40.59,0
M01068,Retail,259,1155,1307.14,1509741.92,0.0789,0.0103,-15.58,3,40.87,0
M01069,Gaming,683,4020,5293.68,21280574.0,0.1866,0.0048,30.19,3,82.49,1
M01070,Education,447,394,647.55,255134.28,0.0427,0.0779,-10.33,1,48.83,0
M01071,Travel,127,226,1942.32,438964.68,0.0944,0.015,51.61,3,96.58,1
M01072,Services,780,4895,1550.98,7592067.88,0.0247,0.0088,-27.79,2,17.67,0
M01073,Electronics,1924,1339,8205.44,10987079.6,0.1941,0.0114,34.28,0,65.3,1
M01074,Crypto/Trading,1339,1161,7018.95,8148996.95,0.0494,0.0108,-49.41,1,0.86,0
M01075,Services,277,4647,2637.6,12256904.28,0.0297,0.0173,0.77,2,42.75,0
M01076,Food & Beverage,1994,2710,1685.04,4566456.79,0.0484,0.0061,-9.7,3,3.68,0
M01077,Healthcare,1087,3275,1767.86,5789748.88,0.0983,0.0791,15.99,1,80.83,1
M01078,Electronics,245,109,816.22,88967.78,0.1158,0.0168,25.42,4,64.67,0
M01079,Crypto/Trading,398,4128,2582.92,10662305.34,0.1432,0.0094,53.36,1,100.0,1
M01080,Crypto/Trading,999,3040,4718.61,14344572.41,0.0113,0.035,-8.3,2,32.52,0
M01081,Gaming,1767,1877,1662.47,3120464.6,0.2488,0.0406,-13.41,2,70.02,1
M01082,Gaming,772,824,6367.2,5246575.42,0.0303,0.0376,27.06,1,55.0,0
M01083,Fashion,1858,964,3934.49,3792844.43,0.0933,0.0065,1.6,4,19.13,0
M01084,Services,410,2809,3539.15,9941484.47,0.1891,0.0506,-10.88,3,66.04,1
M01085,Services,633,3895,2233.77,8700515.44,0.0499,0.0166,-6.14,1,34.54,0
M01086,Services,776,1630,7183.55,11709184.97,0.1511,0.0206,-12.76,1,69.34,1
M01087,Fashion,1336,2943,3755.03,11051047.56,0.1246,0.0168,-36.73,1,46.58,0
M01088,Retail,928,3902,3256.56,12707100.73,0.0848,0.013,44.08,3,73.61,1
M01089,Crypto/Trading,1240,3241,2899.79,9398227.92,0.0706,0.0027,17.21,1,43.61,0
M01090,Electronics,1262,4411,1565.04,6903377.78,0.0277,0.075,-35.27,0,43.27,0
M01091,Food & Beverage,862,4755,4995.9,23755504.2,0.0323,0.1073,42.49,1,94.27,1
M01092,Crypto/Trading,1943,2407,4504.43,10842165.98,0.146,0.0549,9.43,3,61.41,0
M01093,Gaming,587,4743,2100.37,9962049.85,0.0236,0.0549,-0.29,1,38.08,0
M01094,Travel,84,961,4625.75,4445343.2,0.0177,0.0476,18.24,1,59.01,0
M01095,Healthcare,444,4945,5364.12,26525573.1,0.1055,0.014,-5.88,1,42.85,0
M01096,Fashion,112,2586,2047.56,5294997.82,0.0224,0.0486,-27.89,3,50.16,0
M01097,Education,1455,995,4286.08,4264651.15,0.0859,0.0406,-8.48,2,36.74,0
M01098,Travel,1737,974,2360.79,2299407.14,0.041,0.0536,3.17,2,34.49,0
M01099,Food & Beverage,773,1282,2355.5,3019746.65,0.0551,0.015,-17.5,4,36.32,0
M01100,Services,747,963,3724.07,3586283.63,0.1182,0.0391,17.72,3,69.93,1
M01101,Gaming,815,2222,1923.58,4274202.44,0.0136,0.0173,36.99,5,61.48,0
M01102,Gaming,1339,3347,3444.0,11527065.7,0.0595,0.0308,-4.13,5,47.02,0
M01103,Gaming,107,4294,4651.48,19973467.43,0.2681,0.0281,-52.22,3,66.31,1
M01104,Services,1883,2279,804.09,1832528.35,0.1961,0.0374,0.85,2,53.87,0
M01105,Education,807,1848,5439.92,10052965.67,0.0298,0.0558,-16.25,5,61.46,0
M01106,Fashion,1368,1277,7712.43,9848775.41,0.0535,0.0359,-0.36,5,57.82,0
M01107,Travel,868,484,4543.34,2198977.8,0.0408,0.0338,-0.68,2,36.32,0
M01108,Services,444,3314,5854.24,19400952.47,0.0633,0.0042,-16.53,1,34.89,0
M01109,Food & Beverage,456,1250,589.2,736494.33,0.0531,0.0396,-29.18,0,40.9,0
M01110,Fashion,1341,2674,12618.5,33741869.91,0.0679,0.0232,5.31,4,50.44,0
M01111,Food & Beverage,258,904,7247.91,6552109.99,0.1332,0.0069,-14.2,2,44.2,0
M01112,Fashion,175,3825,3859.91,14764138.79,0.0557,0.0872,48.59,2,100.0,1
M01113,Education,1514,3876,7024.35,27226370.38,0.115,0.0248,11.16,1,26.57,0
M01114,Healthcare,993,3155,1216.07,3836687.16,0.0291,0.0747,-13.34,2,58.18,0
M01115,Food & Beverage,1368,944,2466.72,2328582.53,0.1985,0.0723,-6.85,3,74.97,1
M01116,Services,1029,4609,2556.28,11781877.21,0.1236,0.0199,1.21,1,34.58,0
M01117,Fashion,551,1566,822.59,1288176.13,0.0292,0.0184,7.45,2,40.32,0
M01118,Gaming,768,1114,8267.97,9210521.96,0.0195,0.0223,20.41,4,63.75,0
M01119,Crypto/Trading,1139,2431,4027.7,9791348.98,0.0266,0.0641,33.62,2,63.43,0
M01120,Gaming,1596,2637,7764.42,20474763.79,0.1003,0.0188,3.22,3,30.97,0
M01121,Retail,90,782,3754.39,2935934.45,0.0442,0.0482,16.38,3,54.03,0
M01122,Healthcare,142,2343,2364.14,5539179.97,0.0389,0.006,15.66,4,44.13,0
M01123,Healthcare,806,4165,3472.91,14464684.54,0.0555,0.0695,7.47,1,49.37,0
M01124,Gaming,909,2795,1886.5,5272770.32,0.1154,0.0389,-0.19,2,48.17,0
M01125,Travel,147,4679,4918.49,23013633.07,0.0997,0.0154,8.54,1,49.79,0
M01126,Education,193,4898,4974.16,24363413.61,0.1084,0.001,-11.33,3,32.47,0
M01127,Food & Beverage,1434,3175,1622.04,5149985.68,0.1807,0.027,-23.36,3,55.05,0
M01128,Services,1363,3990,5743.31,22915808.9,0.2251,0.0295,41.1,1,89.78,1
M01129,Healthcare,794,2060,5713.85,11770536.46,0.2367,0.0334,10.39,0,71.05,1
M01130,Gaming,1541,603,2293.88,1383208.8,0.0485,0.0522,11.83,2,41.16,0
M01131,Gaming,1885,4351,2886.0,12556984.26,0.0226,0.0025,-0.41,1,23.91,0
M01132,Education,993,2123,5060.56,10743560.64,0.0125,0.0306,17.45,1,46.2,0
M01133,Education,78,1962,1075.5,2110131.69,0.1381,0.0233,0.5,1,41.94,0
M01134,Electronics,555,4475,6566.2,29383732.61,0.0139,0.0655,-32.93,1,32.97,0
M01135,Electronics,1807,129,6497.25,838145.02,0.2768,0.0655,-8.36,2,69.18,1
M01136,Travel,62,211,6093.09,1285641.82,0.0735,0.0563,19.94,1,72.6,1
M01137,Travel,1483,923,2209.49,2039363.2,0.1192,0.0431,-9.84,2,57.85,0
M01138,Retail,214,881,6162.67,5429307.94,0.0571,0.0136,-40.82,5,41.42,0
M01139,Travel,135,1103,2809.73,3099136.01,0.1843,0.0699,-2.33,4,73.86,1
M01140,Fashion,1780,669,7135.3,4773518.0,0.0188,0.0206,-38.27,1,18.56,0
M01141,Education,52,4154,1532.63,6366563.11,0.0443,0.0192,-2.71,0,30.03,0
M01142,Services,1785,3631,3964.59,14395443.8,0.1951,0.0079,34.63,5,78.15,1
M01143,Fashion,1916,656,1001.3,656849.95,0.0774,0.0063,-26.79,3,22.65,0
M01144,Food & Beverage,120,1056,2000.94,2112997.58,0.1331,0.0451,21.2,4,83.61,1
M01145,Gaming,770,4151,1825.85,7579113.84,0.0196,0.0018,47.87,0,62.47,0
M01146,Travel,1696,2168,1964.56,4259173.2,0.0481,0.0268,36.83,3,64.15,0
M01147,Gaming,1216,3885,1609.14,6251517.63,0.1314,0.0014,-0.69,2,35.84,0
M01148,Healthcare,857,3177,2271.5,7216558.51,0.0706,0.031,-17.88,3,26.2,0
M01149,Retail,104,3607,1564.06,5641576.72,0.0688,0.0042,9.37,5,51.4,0
M01150,Healthcare,1407,3314,7616.21,25240108.8,0.0915,0.0168,9.72,1,44.06,0
M01151,Retail,1945,4281,940.74,4027287.8,0.0623,0.0077,28.04,1,30.59,0
M01152,Electronics,1553,2450,3104.81,7606775.29,0.0508,0.0211,6.28,3,32.71,0
M01153,Gaming,909,1899,3508.7,6663023.06,0.0507,0.019,15.07,1,40.71,0
M01154,Retail,369,3986,1672.44,6666357.86,0.0183,0.0353,-17.72,1,37.98,0
M01155,Crypto/Trading,909,3733,3176.75,11858822.65,0.0456,0.0047,23.49,3,44.13,0
M01156,Fashion,1729,4146,7620.3,31593745.18,0.0599,0.0134,-26.9,1,23.37,0
M01157,Retail,290,4126,7757.46,32007265.83,0.0905,0.0596,-10.69,3,66.56,1
M01158,Retail,1228,2031,3115.4,6327368.46,0.118,0.0819,20.02,1,69.87,1
M01159,Fashion,1897,3393,3700.63,12556228.25,0.0539,0.0196,37.27,2,46.43,0
M01160,Gaming,1228,2163,8455.0,18288164.11,0.0405,0.007,22.1,0,35.65,0
M01161,Gaming,676,2520,4327.16,10904446.79,0.1046,0.018,4.19,1,54.19,0
M01162,Fashion,102,4601,6557.97,30173217.01,0.0739,0.0077,4.42,2,50.69,0
M01163,Healthcare,681,1309,939.7,1230073.43,0.0401,0.0027,-17.7,3,24.72,0
M01164,Crypto/Trading,1979,1467,1587.56,2328956.81,0.0477,0.0348,-4.24,1,17.85,0
M01165,Services,70,3219,1052.87,3389173.52,0.2076,0.1196,-42.9,1,98.23,1
M01166,Food & Beverage,643,1963,9015.89,17698183.61,0.0666,0.0104,46.47,3,86.16,1
M01167,Crypto/Trading,1084,3203,1463.23,4686718.87,0.0183,0.0144,60.41,4,77.84,1
M01168,Gaming,1436,3236,3523.52,11402123.68,0.0412,0.042,-43.57,1,33.07,0
M01169,Services,1822,3156,4156.48,13117837.88,0.1179,0.0357,-30.85,6,45.12,0
M01170,Electronics,1038,3338,2669.11,8909488.2,0.0835,0.0039,39.06,1,58.12,0
M01171,Travel,1499,2802,1137.5,3187279.43,0.0786,0.0766,-14.62,3,44.29,0
M01172,Retail,613,1010,9135.82,9227183.01,0.2052,0.0629,39.63,2,96.43,1
M01173,Fashion,691,4940,4425.86,21863741.2,0.1666,0.0486,23.85,1,80.22,1
M01174,Fashion,1862,2173,6244.83,13570017.18,0.1274,0.0111,-3.02,0,26.77,0
M01175,Retail,543,245,3134.69,767998.98,0.0744,0.0749,28.62,1,78.24,1
M01176,Travel,1438,796,1928.86,1535374.91,0.0654,0.027,4.08,1,35.04,0
M01177,Food & Beverage,847,2857,8289.86,23684128.06,0.0186,0.0328,3.65,1,23.03,0
M01178,Travel,1546,707,1963.01,1387851.15,0.0034,0.0667,18.22,2,49.51,0
M01179,Services,654,549,2932.75,1610081.99,0.046,0.0308,24.8,6,65.41,1
M01180,Travel,242,3462,3365.22,11650397.72,0.1299,0.0462,30.06,2,84.89,1
M01181,Services,533,2173,1889.8,4106539.93,0.0618,0.0065,63.88,3,84.19,1
M01182,Travel,355,1314,5685.75,7471078.45,0.0488,0.0504,14.12,2,79.35,1
M01183,Food & Beverage,1079,1546,6637.15,10261034.95,0.1804,0.0219,37.32,5,82.25,1
M01184,Food & Beverage,555,4794,3125.66,14984429.81,0.0971,0.1049,36.63,0,100.0,1
M01185,Gaming,1978,2916,1538.66,4486735.36,0.1218,0.0764,22.13,1,92.06,1
M01186,Retail,1111,3123,806.71,2519351.28,0.0227,0.0324,-8.19,3,39.13,0
M01187,Food & Beverage,1763,2460,2802.89,6895109.92,0.0189,0.0282,32.42,3,51.12,0
M01188,Services,1846,4155,6766.71,28115662.88,0.0517,0.0118,16.15,1,36.44,0
M01189,Food & Beverage,1956,3822,2680.61,10245303.19,0.1253,0.0118,-27.22,0,29.0,0
M01190,Gaming,1106,864,7099.12,6133635.5,0.0914,0.0227,30.34,1,50.19,0
M01191,Fashion,803,466,10853.31,5057642.98,0.0997,0.04,-35.65,4,42.55,0
M01192,Services,258,3935,6676.14,26270595.83,0.1739,0.003,21.19,2,68.41,1
M01193,Gaming,56,3129,2399.2,7507084.93,0.0811,0.0792,-8.8,2,65.45,1
M01194,Healthcare,1154,1254,1216.75,1525801.81,0.1927,0.0278,9.08,1,76.95,1
M01195,Healthcare,223,246,3609.03,887820.3,0.0414,0.015,-29.85,2,44.95,0
M01196,Electronics,248,4163,11986.4,49899393.88,0.0496,0.0219,-13.1,1,45.69,0
M01197,Travel,1089,2979,2579.44,7684160.26,0.1155,0.0167,-8.09,1,17.16,0
M01198,Retail,359,1850,367.19,679309.16,0.1637,0.0122,1.19,1,45.06,0
M01199,Education,116,3799,2190.64,8322236.94,0.1532,0.0091,-9.87,1,48.37,0
M01200,Crypto/Trading,840,206,7388.11,1521951.24,0.0704,0.0263,13.7,1,40.77,0
M01201,Gaming,57,2897,8074.66,23392303.66,0.1573,0.0716,16.92,3,89.22,1
M01202,Fashion,1606,2555,1309.66,3346175.16,0.0421,0.0509,-6.16,2,34.57,0
M01203,Crypto/Trading,346,1952,1288.42,2515002.94,0.1081,0.0036,5.98,1,42.97,0
M01204,Fashion,1059,2944,5573.8,16409258.8,0.02,0.0058,18.29,5,65.99,1
M01205,Crypto/Trading,813,868,1116.83,969404.25,0.1728,0.0118,-51.11,3,46.13,0
M01206,Gaming,1290,2052,1473.63,3023895.66,0.0667,0.0198,16.05,2,50.64,0
M01207,Education,17,1272,9170.8,11665263.94,0.1129,0.059,-11.04,1,75.08,1
M01208,Crypto/Trading,634,1901,4167.24,7921918.42,0.0183,0.0139,-61.59,0,13.99,0
M01209,Gaming,1900,289,1870.68,540627.04,0.0549,0.0658,-4.8,2,57.64,0
M01210,Food & Beverage,1286,1650,4365.14,7202480.58,0.1027,0.039,-20.19,0,40.01,0
M01211,Education,1725,4425,1173.71,5193660.8,0.1115,0.0942,-6.73,1,40.18,0
M01212,Services,728,3223,5669.96,18274268.91,0.0386,0.0147,16.68,3,56.5,0
M01213,Fashion,312,1594,1585.54,2527349.53,0.0297,0.0118,26.26,3,43.12,0
M01214,Healthcare,648,2912,1681.22,4895698.51,0.0264,0.0507,37.24,0,79.2,1
M01215,Travel,65,1715,9473.37,16246830.74,0.0232,0.0895,38.77,1,100.0,1
M01216,Healthcare,735,3278,5699.17,18681882.14,0.01,0.066,-20.91,2,38.22,0
M01217,Education,535,3282,932.49,3060427.04,0.0849,0.0078,35.25,4,67.59,1
M01218,Services,483,1465,5137.63,7526633.16,0.0872,0.0059,-25.58,4,48.06,0
M01219,Fashion,37,239,721.23,172373.38,0.0615,0.0403,31.45,3,74.7,1
M01220,Services,87,72,6763.98,487006.9,0.0275,0.0296,19.28,0,64.46,0
M01221,Crypto/Trading,1249,1777,5416.86,9625761.45,0.1676,0.0478,9.27,0,66.5,1
M01222,Fashion,1419,1686,7744.27,13056833.05,0.0791,0.1154,-17.16,1,54.89,0
M01223,Crypto/Trading,374,2805,2843.17,7975091.69,0.1268,0.0364,34.94,0,76.39,1
M01224,Gaming,675,739,2663.45,1968286.22,0.1086,0.0623,-20.19,1,61.62,0
M01225,Education,535,425,557.1,236766.89,0.0914,0.0174,4.44,1,35.63,0
M01226,Gaming,708,2314,309.27,715659.61,0.0347,0.0743,6.7,3,70.94,1
M01227,Electronics,1345,91,7643.43,695552.39,0.0673,0.0021,-37.45,0,22.39,0
M01228,Services,892,2073,2197.1,4554584.09,0.1186,0.0481,8.72,2,66.86,1
M01229,Crypto/Trading,1040,1249,578.03,721959.12,0.0428,0.0566,-22.38,2,42.15,0
M01230,Food & Beverage,1036,1587,1228.68,1949922.11,0.1126,0.0602,41.02,2,81.29,1
M01231,Gaming,1656,3702,684.04,2532317.17,0.1025,0.0064,72.6,1,92.2,1
M01232,Electronics,928,2973,2566.25,7629475.28,0.0244,0.0285,-13.35,1,42.86,0
M01233,Retail,759,4502,3370.78,15175238.49,0.0443,0.0209,-4.82,1,38.7,0
M01234,Healthcare,372,718,5288.66,3797258.9,0.0749,0.0023,9.16,1,45.89,0
M01235,Fashion,1784,846,2035.51,1722040.75,0.0115,0.0391,-46.51,2,26.03,0
M01236,Electronics,1541,368,3860.92,1420817.39,0.118,0.0175,46.09,3,69.5,1
M01237,Education,1307,3928,6737.43,26464632.61,0.1814,0.0172,-2.97,3,55.94,0
M01238,Gaming,1539,327,1367.34,447119.64,0.2134,0.0979,-4.99,0,70.75,1
M01239,Education,815,3436,214.0,735299.16,0.1665,0.0408,22.24,3,87.94,1
M01240,Healthcare,748,2354,5382.66,12670787.18,0.0087,0.0518,7.12,3,51.43,0
M01241,Food & Beverage,1916,4881,14872.22,72591294.15,0.0801,0.1038,9.11,8,73.85,1
M01242,Services,1048,4840,3314.38,16041597.93,0.085,0.0348,26.09,2,63.49,0
M01243,Services,1225,2829,3882.38,10983244.24,0.1005,0.0217,1.87,2,29.06,0
M01244,Education,1664,3578,3136.57,11222645.96,0.0317,0.0635,-23.09,0,22.41,0
M01245,Crypto/Trading,494,4498,2874.46,12929313.35,0.1405,0.0186,35.6,3,63.31,0
M01246,Food & Beverage,37,3497,994.9,3479173.72,0.0222,0.0481,-9.64,0,31.42,0
M01247,Services,723,4640,6169.8,28627876.86,0.059,0.0405,-8.27,3,37.3,0
M01248,Food & Beverage,1072,2706,2027.37,5486072.2,0.0112,0.109,10.77,2,79.33,1
M01249,Electronics,1986,3005,1395.8,4194374.0,0.0706,0.0549,-27.65,4,49.29,0
M01250,Food & Beverage,1306,295,4779.19,1409859.81,0.0405,0.0539,10.98,2,65.37,1
M01251,Travel,1264,2567,3410.16,8753874.76,0.0472,0.0862,28.69,1,73.31,1
M01252,Healthcare,95,2784,4213.33,11729917.04,0.1233,0.0456,44.5,4,93.01,1
M01253,Services,1507,356,1904.23,677904.84,0.2133,0.0679,23.5,3,91.82,1
M01254,Food & Beverage,135,1993,1217.5,2426482.06,0.069,0.0486,31.83,1,73.5,1
M01255,Education,821,2999,1088.84,3265440.52,0.0145,0.0052,-10.99,0,19.44,0
M01256,Retail,546,4596,4080.37,18753393.84,0.0843,0.0862,25.63,2,76.76,1
M01257,Travel,154,3988,2439.56,9728984.59,0.0639,0.1514,0.22,3,98.19,1
M01258,Travel,1558,930,1689.2,1570955.48,0.0231,0.0079,33.99,1,52.03,0
M01259,Crypto/Trading,1245,2016,3757.65,7575415.4,0.0467,0.0248,7.56,3,50.46,0
M01260,Food & Beverage,34,3149,983.9,3098311.47,0.0493,0.0414,31.94,3,87.7,1
M01261,Crypto/Trading,1613,4224,3120.79,13182225.19,0.1928,0.0083,9.03,3,56.73,0
M01262,Crypto/Trading,1427,3777,7955.55,30048105.17,0.0681,0.0089,-14.19,0,27.01,0
M01263,Retail,76,347,15543.74,5393677.2,0.0216,0.0283,5.99,2,44.27,0
M01264,Electronics,242,1819,5384.76,9794870.11,0.2051,0.0052,-3.27,3,62.79,0
M01265,Food & Beverage,118,334,7397.33,2470708.6,0.0688,0.0413,37.43,1,77.58,1
M01266,Gaming,1179,3565,3682.12,13126741.49,0.1847,0.0084,-28.9,0,34.88,0
M01267,Services,120,1154,2245.21,2590967.35,0.4224,0.0157,-36.93,0,90.5,1
M01268,Crypto/Trading,237,2766,1635.25,4523099.96,0.06,0.045,12.3,3,77.08,1
M01269,Healthcare,120,4896,3361.68,16458787.49,0.0641,0.0095,-3.08,1,37.46,0
M01270,Fashion,1503,1540,1669.35,2570801.63,0.0528,0.1557,-23.64,1,82.06,1
M01271,Healthcare,43,175,1436.93,251462.34,0.0624,0.0536,4.12,2,65.88,1
M01272,Retail,632,1744,371.15,647293.05,0.0676,0.0896,11.66,2,77.55,1
M01273,Retail,1809,3363,3583.06,12049825.29,0.0967,0.0257,35.71,0,53.51,0
M01274,Education,1969,906,2758.16,2498889.65,0.0739,0.0341,-41.32,6,49.27,0
M01275,Electronics,1402,3093,3682.24,11389180.1,0.0319,0.0169,9.64,1,22.36,0
M01276,Services,757,2825,11914.13,33657417.15,0.0197,0.0817,46.03,1,97.29,1
M01277,Crypto/Trading,604,741,1178.13,872994.92,0.0213,0.0662,44.85,1,92.6,1
M01278,Healthcare,1587,932,1638.51,1527093.03,0.055,0.0074,7.31,1,23.81,0
M01279,Fashion,434,3377,6371.58,21516813.24,0.0447,0.0352,-9.77,1,34.16,0
M01280,Retail,622,890,7031.55,6258075.31,0.0926,0.0285,-1.74,1,59.14,0
M01281,Retail,1551,4128,2111.87,8717816.36,0.0165,0.0186,-19.62,2,14.81,0
M01282,Electronics,701,517,3609.18,1865948.63,0.1022,0.1268,-6.04,2,82.66,1
M01283,Fashion,1315,1776,4214.11,7484262.39,0.0746,0.0796,6.96,1,42.37,0
M01284,Fashion,1353,1137,2395.03,2723150.55,0.0637,0.0131,16.76,1,48.67,0
M01285,Electronics,1771,3429,1669.93,5726190.6,0.0138,0.0358,26.34,1,31.27,0
M01286,Retail,1476,2848,971.26,2766155.16,0.1263,0.0219,2.24,2,44.64,0
M01287,Services,1985,1667,3044.44,5075086.8,0.0117,0.0299,0.39,2,22.61,0
M01288,Food & Beverage,324,3003,5841.88,17543161.27,0.0435,0.0129,26.91,4,61.37,0
M01289,Food & Beverage,886,162,5840.45,946152.51,0.0561,0.0154,-3.58,2,27.37,0
M01290,Electronics,1999,2781,1574.62,4379013.6,0.092,0.0503,22.47,4,67.44,1
M01291,Fashion,1774,3455,1769.56,6113843.78,0.298,0.0237,-36.3,3,79.4,1
M01292,Crypto/Trading,1410,4680,5801.54,27151187.8,0.1246,0.0075,16.68,3,47.9,0
M01293,Electronics,1322,2451,8195.54,20087262.04,0.0884,0.0456,57.83,5,86.31,1
M01294,Services,1470,4532,2740.42,12419573.09,0.0156,0.0676,-18.16,1,23.2,0
M01295,Electronics,671,1868,4770.8,8911845.51,0.2191,0.0116,40.83,1,84.95,1
M01296,Travel,286,2716,2288.4,6215299.01,0.0317,0.0205,22.35,0,44.3,0
M01297,Healthcare,1743,1737,8856.15,15383133.87,0.1338,0.0073,26.87,1,48.69,0
M01298,Fashion,1615,3092,4454.3,13772680.95,0.1523,0.0333,21.74,3,68.7,1
M01299,Education,1536,1087,4779.28,5195079.65,0.092,0.0103,-10.88,1,21.7,0
M01300,Education,633,2806,4610.82,12937966.52,0.0433,0.0134,-27.59,3,56.62,0
M01301,Fashion,525,3811,3452.05,13155755.09,0.0567,0.0394,16.86,3,64.57,0
M01302,Services,1383,1308,3725.28,4872663.6,0.1694,0.0179,1.93,1,50.49,0
M01303,Travel,852,3891,7184.19,27953675.32,0.047,0.077,-29.8,1,51.09,0
M01304,Travel,1479,1826,1728.96,3157083.56,0.0534,0.0104,-6.35,2,22.18,0
M01305,Retail,1863,1524,3624.99,5524488.6,0.0224,0.0489,-21.35,1,22.53,0
M01306,Healthcare,359,3328,2642.85,8795389.51,0.1269,0.0166,52.95,1,88.03,1
M01307,Food & Beverage,1640,2971,6028.8,17911574.12,0.0838,0.0168,26.05,4,43.52,0
M01308,Gaming,1697,91,4804.29,437190.31,0.2298,0.0147,-19.45,2,36.53,0
M01309,Services,832,1710,1896.79,3243510.53,0.1399,0.0531,17.54,0,62.96,0
M01310,Gaming,1170,1364,3501.67,4776275.29,0.026,0.0212,-23.96,2,19.1,0
M01311,Gaming,768,3323,2602.72,8648849.25,0.0246,0.1078,-40.45,2,60.17,0
M01312,Fashion,908,3133,3254.64,10196781.42,0.071,0.0186,-12.46,4,38.34,0
M01313,Education,252,902,1857.8,1675736.0,0.0407,0.0448,1.23,2,46.19,0
M01314,Education,552,4254,1952.79,8307164.21,0.1756,0.0148,14.57,1,67.89,1
M01315,Food & Beverage,1073,2682,943.53,2530559.51,0.0573,0.0012,26.75,4,57.94,0
M01316,Fashion,238,1524,1903.17,2900426.22,0.0474,0.0498,-3.95,1,47.41,0
M01317,Gaming,557,2483,6980.9,17333568.23,0.0117,0.0335,21.84,0,62.93,0
M01318,Crypto/Trading,929,2573,7346.35,18902156.15,0.0672,0.0738,-34.94,0,46.59,0
M01319,Education,1256,752,1623.61,1220956.43,0.0435,0.0732,41.65,1,86.23,1
M01320,Services,15,1768,438.45,775175.1,0.0904,0.0163,-34.07,3,52.98,0
M01321,Services,1355,3944,1650.99,6511512.72,0.0484,0.0255,-7.35,4,34.18,0
M01322,Retail,477,443,2381.67,1055079.79,0.0473,0.0197,-12.61,1,32.17,0
M01323,Electronics,1765,3498,3722.59,13021624.29,0.0666,0.007,-30.93,2,17.6,0
M01324,Crypto/Trading,84,1611,7958.02,12820377.12,0.1468,0.047,13.28,2,82.69,1
M01325,Education,13,4505,3626.37,16336809.36,0.1088,0.0627,47.68,1,100.0,1
M01326,Travel,1880,4457,3533.15,15747240.03,0.1622,0.0483,-40.35,5,60.16,0
M01327,Education,655,4729,5213.37,24654014.45,0.0981,0.0868,-52.3,1,50.97,0
M01328,Retail,127,512,1796.01,919555.21,0.1454,0.0701,-16.87,2,78.95,1
M01329,Services,890,211,3540.13,746966.49,0.051,0.0198,-0.88,4,37.21,0
M01330,Gaming,1639,518,4146.37,2147820.38,0.0567,0.013,24.17,2,34.2,0
M01331,Travel,513,4937,5688.04,28081849.58,0.0238,0.018,-7.0,1,29.25,0
M01332,Fashion,956,1276,4845.25,6182538.59,0.1072,0.0142,-41.08,2,35.41,0
M01333,Healthcare,583,1988,7443.71,14798102.69,0.0193,0.0564,37.08,3,69.52,1
M01334,Gaming,1474,4342,2137.82,9282423.14,0.2447,0.0175,-17.87,0,47.2,0
M01335,Healthcare,203,2206,3910.25,8626018.99,0.0425,0.0154,20.76,1,61.41,0
M01336,Crypto/Trading,856,836,152.24,127273.89,0.1285,0.0181,-23.45,3,48.1,0
M01337,Electronics,724,3240,2183.38,7074155.47,0.0279,0.0103,0.42,5,36.61,0
M01338,Travel,1425,1493,1737.43,2593982.86,0.1268,0.0271,13.89,1,53.31,0
M01339,Food & Beverage,1059,1106,6111.53,6759356.15,0.1099,0.026,-16.4,1,41.17,0
M01340,Travel,1468,4219,3539.13,14931607.77,0.1331,0.0169,15.62,1,45.28,0
M01341,Education,182,1894,4307.73,8158842.77,0.0813,0.0956,-3.96,3,79.18,1
M01342,Services,1333,890,2481.39,2208435.94,0.1558,0.0079,-6.42,2,39.86,0
M01343,Education,1678,4783,4794.48,22932005.17,0.0715,0.0461,42.71,1,52.38,0
M01344,Education,335,2062,5048.82,10410666.29,0.0209,0.0111,13.88,3,48.55,0
M01345,Crypto/Trading,1443,292,2132.31,622635.15,0.0491,0.0677,17.22,0,54.14,0
M01346,Gaming,1151,1049,2551.08,2676087.8,0.2091,0.037,23.41,2,83.7,1
M01347,Food & Beverage,845,3238,2804.8,9081953.78,0.0927,0.0871,19.4,1,78.65,1
M01348,Food & Beverage,1820,4089,3409.91,13943142.34,0.1191,0.0707,13.92,1,59.28,0
M01349,Education,733,1071,1148.0,1229504.07,0.0261,0.006,36.01,3,49.18,0
M01350,Healthcare,234,4053,1318.15,5342477.94,0.1026,0.0033,-18.43,5,50.65,0
M01351,Crypto/Trading,541,1593,2823.95,4498554.32,0.0227,0.0221,8.7,3,44.05,0
M01352,Education,122,3210,7041.39,22602862.92,0.1329,0.0839,-2.74,0,83.09,1
M01353,Electronics,149,4408,5465.39,24091423.32,0.0697,0.0129,8.53,1,40.09,0
M01354,Services,568,3817,1416.96,5408540.12,0.1393,0.0438,-12.46,3,70.33,1
M01355,Gaming,10,3309,4898.83,16210221.76,0.138,0.0205,-35.57,2,61.17,0
M01356,Fashion,99,3767,1702.96,6415045.66,0.046,0.0513,25.0,2,66.27,1
M01357,Electronics,663,2125,1513.29,3215749.43,0.0835,0.0274,65.32,6,96.04,1
M01358,Healthcare,329,327,5214.12,1705016.46,0.2181,0.0414,31.91,2,100.0,1
M01359,Travel,1583,3379,1630.78,5510400.86,0.1069,0.0509,26.68,1,68.59,1
M01360,Travel,1838,3196,1399.96,4474280.01,0.1373,0.0033,11.38,2,45.18,0
M01361,Electronics,1927,1271,3427.64,4356524.65,0.0312,0.0403,1.13,1,26.63,0
M01362,Education,148,2767,1910.8,5287178.83,0.073,0.0429,2.61,3,49.55,0
M01363,Fashion,1544,1537,581.12,893175.95,0.0309,0.0489,2.3,3,41.05,0
M01364,Retail,1901,1398,2348.06,3282585.78,0.0124,0.0448,-11.2,1,28.97,0
M01365,Retail,854,4911,1295.63,6362816.0,0.0295,0.0703,-36.37,1,29.19,0
M01366,Healthcare,268,1981,3385.29,6706253.77,0.0834,0.0482,9.97,3,69.91,1
M01367,Education,1706,4325,11624.14,50274401.65,0.0312,0.0332,-1.97,3,36.51,0
M01368,Food & Beverage,911,2883,10796.27,31125653.18,0.0303,0.0732,33.48,1,81.95,1
M01369,Food & Beverage,699,2676,7694.91,20591591.77,0.0435,0.0237,23.49,5,66.45,1
M01370,Gaming,19,2514,3275.09,8233584.88,0.1,0.006,-45.79,2,39.87,0
M01371,Fashion,270,4587,3152.6,14460958.92,0.0711,0.0133,47.84,2,77.06,1
M01372,Fashion,1952,4025,4323.45,17401893.57,0.0865,0.0595,-7.9,2,31.45,0
M01373,Travel,1683,3583,1041.82,3732851.16,0.1025,0.0136,-4.03,3,41.38,0
M01374,Crypto/Trading,181,942,2699.83,2543236.12,0.0552,0.0409,-36.93,2,55.18,0
M01375,Healthcare,907,4252,3937.64,16742847.84,0.2241,0.0501,11.66,3,80.25,1
M01376,Retail,22,4482,6358.8,28500141.41,0.1097,0.0227,15.28,0,62.3,0
M01377,Healthcare,1201,2979,799.45,2381551.69,0.1029,0.0089,47.85,0,70.24,1
M01378,Food & Beverage,1675,203,15976.4,3243208.56,0.0783,0.0199,26.27,3,44.18,0
M01379,Food & Beverage,1629,3378,3703.01,12508767.22,0.0185,0.1144,-7.59,4,80.51,1
M01380,Electronics,330,1418,2132.05,3023242.27,0.0148,0.0171,-39.32,3,28.05,0
M01381,Gaming,1352,2816,2822.11,7947061.28,0.0223,0.0213,-9.4,4,13.39,0
M01382,Fashion,1646,556,4013.65,2231589.69,0.0935,0.0656,31.1,0,71.92,1
M01383,Services,338,1293,263.53,340740.74,0.0512,0.0224,-4.94,2,41.95,0
M01384,Healthcare,794,2987,2371.86,7084751.54,0.1789,0.039,-22.35,2,57.31,0
M01385,Food & Beverage,786,3069,5674.62,17415419.79,0.0722,0.0354,9.23,2,52.17,0
M01386,Crypto/Trading,920,1116,1343.55,1499397.47,0.0251,0.0002,-3.36,2,14.35,0
M01387,Travel,1953,1325,12200.18,16165235.98,0.0435,0.0523,-6.41,3,23.24,0
M01388,Retail,1583,935,3814.89,3566921.23,0.106,0.0199,-13.71,2,41.83,0
M01389,Gaming,1452,3101,1154.03,3578641.28,0.01,0.0712,7.73,2,50.07,0
M01390,Crypto/Trading,1639,4267,1395.67,5955338.11,0.0718,0.0195,30.64,1,46.72,0
M01391,Gaming,1128,1048,5478.4,5741368.17,0.0796,0.0034,17.86,3,59.27,0
M01392,Electronics,1850,1997,4417.16,8821074.06,0.1172,0.0059,-43.18,0,19.07,0
M01393,Services,1614,3374,4329.89,14609034.5,0.1296,0.0419,43.78,4,91.82,1
M01394,Food & Beverage,327,2531,3617.47,9155825.39,0.0562,0.0307,23.79,0,48.62,0
M01395,Travel,1989,290,3764.13,1091596.46,0.085,0.0031,12.6,2,12.52,0
M01396,Crypto/Trading,245,1206,4698.32,5666177.02,0.1086,0.0234,15.61,1,63.62,0
M01397,Gaming,1979,4575,5192.81,23757092.02,0.085,0.0669,19.62,2,66.08,1
M01398,Fashion,343,4220,3654.53,15422112.71,0.1522,0.0164,14.73,5,88.05,1
M01399,Electronics,1918,3784,3097.31,11720223.86,0.1558,0.0433,-19.03,2,38.51,0
M01400,Fashion,385,2418,1488.66,3599576.94,0.2043,0.0219,17.69,1,59.28,0
M01401,Travel,1492,4549,3317.35,15090608.15,0.1521,0.0594,9.07,0,54.0,0
M01402,Crypto/Trading,1170,4255,3139.2,13357275.97,0.1617,0.0244,15.45,3,68.09,1
M01403,Electronics,1963,4202,3867.85,16252707.07,0.1776,0.072,-10.89,1,41.27,0
M01404,Crypto/Trading,597,1731,2286.22,3957453.4,0.0317,0.0472,32.29,0,64.15,0
M01405,Food & Beverage,1580,2250,3626.52,8159659.02,0.0888,0.0699,-9.02,2,47.76,0
M01406,Education,522,148,3579.29,529734.59,0.1037,0.0095,3.79,1,36.96,0
M01407,Electronics,1329,1289,3604.99,4646825.95,0.0569,0.0462,-7.7,0,26.69,0
M01408,Fashion,1353,3692,1383.96,5109576.08,0.0732,0.0054,-19.94,1,31.5,0
M01409,Travel,927,1621,1032.7,1674010.96,0.0191,0.0113,22.89,0,23.68,0
M01410,Services,1605,4785,9907.13,47405617.5,0.1471,0.0447,-7.52,3,60.51,0
M01411,Food & Beverage,1865,3990,5501.76,21952006.52,0.0259,0.051,8.66,3,45.43,0
M01412,Education,1382,4264,2798.36,11932209.65,0.1186,0.0337,-29.75,1,36.6,0
M01413,Services,1873,4967,3384.46,16810626.39,0.1494,0.0221,-40.45,1,47.84,0
M01414,Retail,1812,647,2419.01,1565098.67,0.1068,0.0441,48.26,5,74.05,1
M01415,Food & Beverage,882,3817,3909.16,14921258.64,0.0116,0.0231,44.66,4,77.88,1
M01416,Travel,1262,2064,3807.18,7858028.93,0.0448,0.0379,-10.11,2,26.45,0
M01417,Gaming,279,3572,3910.15,13967067.65,0.0189,0.0765,16.39,1,63.07,0
M01418,Electronics,1861,4999,1516.95,7583233.32,0.0499,0.0752,-6.15,2,47.43,0
M01419,Crypto/Trading,807,2361,4878.49,11518115.99,0.046,0.0304,21.69,2,62.72,0
M01420,Travel,1324,3234,3564.73,11528334.13,0.0346,0.0657,-22.04,4,42.59,0
M01421,Electronics,734,269,3795.95,1021109.65,0.09,0.0375,-24.44,3,54.7,0
M01422,Services,1198,2945,127.28,374836.81,0.036,0.0408,5.54,1,33.65,0
M01423,Crypto/Trading,14,994,1934.39,1922782.69,0.1115,0.0025,14.56,2,48.39,0
M01424,Healthcare,860,1345,5428.71,7301616.41,0.1395,0.0199,-12.46,2,33.14,0
M01425,Fashion,1412,1003,3760.45,3771733.49,0.128,0.034,-27.61,0,35.63,0
M01426,Retail,87,908,6603.98,5996413.64,0.2499,0.0336,36.46,4,100.0,1
M01427,Food & Beverage,1443,2957,5015.27,14830159.73,0.0361,0.0061,-6.61,3,12.64,0
M01428,Travel,583,2137,3313.93,7081874.63,0.0253,0.0634,-6.35,3,48.42,0
M01429,Retail,141,2692,5149.19,13861631.86,0.1189,0.0072,35.82,5,81.08,1
M01430,Gaming,610,4990,383.12,1911767.79,0.1244,0.1461,61.04,1,100.0,1
M01431,Electronics,1782,1346,7424.23,9993008.35,0.0903,0.0401,13.19,2,48.88,0
M01432,Electronics,1075,490,1448.12,709578.89,0.0724,0.0045,26.99,2,62.97,0
M01433,Travel,98,2007,1421.72,2853395.7,0.063,0.0228,-23.45,2,38.21,0
M01434,Education,411,110,6424.15,706656.01,0.0233,0.0578,23.27,2,59.97,0
M01435,Education,305,549,1759.65,966048.79,0.0838,0.0099,26.36,2,53.07,0
M01436,Healthcare,1873,4776,805.54,3847272.84,0.1186,0.0949,-18.93,2,40.74,0
M01437,Fashion,1328,4079,2135.54,8710876.71,0.0235,0.0282,-8.37,0,16.44,0
M01438,Crypto/Trading,625,4854,30.33,147205.61,0.0518,0.0995,35.58,1,100.0,1
M01439,Gaming,1559,2793,4425.28,12359794.77,0.0565,0.0177,-1.9,1,23.5,0
M01440,Retail,809,4987,4410.73,21996317.14,0.0465,0.0248,40.6,2,64.07,0
M01441,Education,1724,1706,2331.49,3977521.94,0.0364,0.0452,5.48,0,34.87,0
M01442,Healthcare,1670,211,8606.69,1816011.44,0.0989,0.0346,4.27,0,31.96,0
M01443,Healthcare,431,2006,695.91,1395995.29,0.101,0.0079,29.41,1,70.44,1
M01444,Travel,1898,3643,2735.12,9964055.02,0.0598,0.0344,56.32,1,70.8,1
M01445,Gaming,1056,2205,3791.16,8359518.79,0.0428,0.0596,21.49,3,77.07,1
M01446,Services,584,4460,1474.5,6576279.17,0.0737,0.0454,9.37,1,55.98,0
M01447,Crypto/Trading,152,1028,615.11,632338.05,0.0401,0.0349,36.66,0,72.04,1
M01448,Fashion,1002,3803,3903.12,14843566.06,0.111,0.0271,38.39,2,72.97,1
M01449,Food & Beverage,674,4318,4504.03,19448394.56,0.1103,0.0332,18.37,2,71.53,1
M01450,Travel,154,4688,784.26,3676589.8,0.0864,0.0512,14.46,2,83.05,1
M01451,Crypto/Trading,1258,4307,819.33,3528849.89,0.0519,0.0617,22.53,1,65.19,1
M01452,Food & Beverage,1016,2072,7753.96,16066214.45,0.1554,0.0429,-30.75,0,48.87,0
M01453,Food & Beverage,512,3328,6641.45,22102761.56,0.086,0.0104,-21.17,1,42.72,0
M01454,Gaming,1995,1736,2249.69,3905468.63,0.0228,0.0284,11.02,3,28.87,0
M01455,Gaming,830,330,8770.47,2894253.47,0.1161,0.004,-14.26,1,45.07,0
M01456,Retail,1649,4558,6130.04,27940729.94,0.3033,0.0661,5.91,1,79.09,1
M01457,Healthcare,113,1280,13530.59,17319150.34,0.2148,0.0613,10.09,2,89.09,1
M01458,Crypto/Trading,1980,4985,2819.5,14055230.5,0.0574,0.0685,-19.55,1,46.15,0
M01459,Travel,1072,3952,6420.12,25372317.66,0.0934,0.0092,19.91,0,26.53,0
M01460,Electronics,1980,3288,7414.92,24380249.16,0.0344,0.0708,-42.58,0,36.19,0
M01461,Travel,207,604,965.31,583044.71,0.0984,0.0575,-3.04,0,56.95,0
M01462,Retail,1679,2819,2101.47,5924034.75,0.097,0.0264,-33.32,3,33.59,0
M01463,Fashion,588,379,5348.44,2027059.63,0.0496,0.0199,-3.06,1,29.92,0
M01464,Healthcare,400,2886,3123.92,9015633.39,0.112,0.0237,28.91,4,70.66,1
M01465,Electronics,1212,2031,2250.86,4571501.01,0.1791,0.0403,-13.55,2,49.15,0
M01466,Education,563,4959,7374.14,36568344.66,0.0212,0.019,-45.59,2,27.82,0
M01467,Fashion,1481,4026,1501.23,6043947.54,0.034,0.0561,-0.85,2,30.77,0
M01468,Gaming,1533,1645,2113.95,3477443.39,0.1943,0.0499,-15.76,1,60.83,0
M01469,Food & Beverage,1048,2784,4589.71,12777756.14,0.1148,0.0342,5.04,2,44.7,0
M01470,Education,1656,910,4990.91,4541727.16,0.0226,0.0051,-0.89,1,18.24,0
M01471,Travel,1702,751,690.1,518264.45,0.0727,0.042,9.39,2,36.61,0
M01472,Travel,1322,3981,5833.13,23221702.58,0.0614,0.1113,34.32,1,80.68,1
M01473,Gaming,487,4721,2079.84,9818920.59,0.0944,0.0294,-4.43,2,45.32,0
M01474,Retail,1264,2524,3248.46,8199106.45,0.0895,0.1301,7.16,2,75.31,1
M01475,Crypto/Trading,932,634,5042.81,3197143.53,0.2504,0.0251,-3.08,2,63.17,0
M01476,Education,429,3826,1348.09,5157796.87,0.0006,0.019,30.25,1,44.29,0
M01477,Education,166,1739,8041.9,13984861.62,0.0453,0.089,8.92,0,57.79,0
M01478,Services,559,4789,1204.19,5766848.75,0.0176,0.0052,17.99,2,29.54,0
M01479,Fashion,1474,1607,1469.04,2360740.69,0.1886,0.0134,24.0,1,70.5,1
M01480,Healthcare,1130,1631,2786.9,4545434.59,0.0916,0.0035,-43.61,4,41.46,0
M01481,Fashion,1030,916,6672.42,6111932.29,0.038,0.027,24.67,4,47.45,0
M01482,Crypto/Trading,1006,297,3520.78,1045672.98,0.0932,0.0312,14.51,2,47.67,0
M01483,Travel,1444,4667,3770.35,17596219.82,0.0043,0.0324,-11.86,2,37.06,0
M01484,Travel,960,1656,1280.8,2121012.2,0.094,0.0085,37.21,2,63.43,0
M01485,Travel,298,2178,2999.04,6531900.68,0.1629,0.0339,29.68,4,88.03,1
M01486,Services,1287,2452,2358.65,5783405.0,0.2621,0.0106,0.25,5,66.73,1
M01487,Travel,205,3924,1568.37,6154283.87,0.0284,0.0844,-46.75,2,64.06,0
M01488,Crypto/Trading,607,4876,4221.94,20586186.21,0.0298,0.0134,3.57,2,32.54,0
M01489,Gaming,1867,3282,3786.78,12428216.42,0.0813,0.0553,-19.97,1,32.23,0
M01490,Healthcare,1555,1469,6429.17,9444445.19,0.1924,0.0833,-49.88,2,56.73,0
M01491,Crypto/Trading,526,4520,3093.54,13982796.53,0.0822,0.0643,19.54,0,68.24,1
M01492,Healthcare,1668,1252,3141.58,3933264.28,0.0556,0.054,43.17,1,56.01,0
M01493,Crypto/Trading,1875,4137,4679.2,19357834.81,0.1163,0.0179,2.65,1,27.08,0
M01494,Travel,874,697,5549.09,3867716.78,0.1554,0.0364,11.48,3,62.06,0
M01495,Gaming,1151,2678,7199.41,19280032.5,0.084,0.0669,38.57,0,72.92,1
M01496,Education,815,2048,1078.72,2209221.1,0.1072,0.0162,9.45,3,54.35,0
M01497,Fashion,1942,3778,2624.07,9913721.1,0.1314,0.0207,-10.23,1,29.87,0
M01498,Food & Beverage,1192,4644,7380.77,34276296.79,0.0266,0.0087,-50.72,2,25.31,0
M01499,Gaming,824,2057,3355.53,6902316.04,0.0272,0.0673,25.38,2,54.7,0
M01500,Education,237,2669,4262.73,11377215.66,0.1729,0.0076,15.45,1,68.03,1
M01501,Retail,1910,676,1330.29,899276.49,0.1701,0.046,28.19,4,86.71,1
M01502,Crypto/Trading,225,185,1487.54,275194.09,0.0632,0.0537,-56.19,2,54.32,0
M01503,Retail,957,4964,8724.79,43309835.69,0.1247,0.1208,56.92,2,100.0,1
M01504,Education,1729,4611,12229.11,56388446.52,0.0899,0.0147,-14.77,4,39.48,0
M01505,Gaming,24,609,1711.33,1042202.55,0.0619,0.0158,32.31,0,60.94,0
M01506,Crypto/Trading,1190,4544,2140.55,9726679.25,0.1283,0.0102,-42.49,4,54.87,0
M01507,Food & Beverage,1681,2841,9439.38,26817271.57,0.1521,0.0127,-14.37,3,40.73,0
M01508,Travel,1294,4278,4695.4,20086940.42,0.0482,0.0097,-8.6,2,16.78,0
M01509,Crypto/Trading,1190,1282,1342.89,1721579.83,0.0355,0.0236,-20.55,2,35.35,0
M01510,Crypto/Trading,56,91,3944.57,358956.18,0.0512,0.0075,-15.57,2,48.24,0
M01511,Gaming,333,3536,2647.11,9360191.19,0.0351,0.0199,45.5,0,54.02,0
M01512,Gaming,853,4770,4745.21,22634666.36,0.1069,0.0267,-3.49,2,40.47,0
M01513,Education,1718,3600,3500.0,12599987.02,0.0226,0.0541,58.23,1,73.35,1
M01514,Electronics,139,288,2220.66,639549.69,0.1545,0.1132,31.39,2,100.0,1
M01515,Crypto/Trading,1444,1796,2501.01,4491814.18,0.1466,0.0197,-45.12,1,36.15,0
M01516,Fashion,104,2482,3294.85,8177824.02,0.0841,0.0506,-3.56,2,51.54,0
M01517,Crypto/Trading,636,1288,590.13,760088.17,0.2559,0.0365,-4.65,0,70.02,1
M01518,Education,764,1035,2233.66,2311834.45,0.085,0.0302,-18.67,2,47.15,0
M01519,Healthcare,1965,2742,4605.6,12628557.05,0.0562,0.0903,35.49,3,83.43,1
M01520,Retail,1325,1103,1661.48,1832615.7,0.1176,0.0326,26.55,2,66.37,1
M01521,Travel,803,4121,3020.18,12446170.32,0.1527,0.0516,58.93,4,100.0,1
M01522,Electronics,1844,426,2007.29,855105.13,0.1699,0.0355,-6.46,1,60.39,0
M01523,Food & Beverage,1316,3096,5654.97,17507775.75,0.0697,0.0086,15.96,4,50.39,0
M01524,Food & Beverage,78,1005,3644.02,3662242.29,0.0278,0.0094,-3.81,2,29.12,0
M01525,Food & Beverage,1693,3623,2554.32,9254299.42,0.0267,0.0516,-4.96,1,32.94,0
M01526,Gaming,20,4505,10637.35,47921276.82,0.0509,0.0122,25.28,1,55.8,0
M01527,Food & Beverage,1287,729,3050.86,2224076.39,0.0631,0.0533,60.03,2,97.38,1
M01528,Travel,1875,2638,4638.11,12235340.2,0.2118,0.0418,29.62,1,69.36,1
M01529,Retail,881,4869,5522.33,26888220.13,0.029,0.0343,26.94,2,62.78,0
M01530,Food & Beverage,559,1431,16718.92,23924780.02,0.0663,0.0206,3.53,1,39.05,0
M01531,Crypto/Trading,1167,4641,4736.05,21979989.51,0.0974,0.0092,26.19,2,52.88,0
M01532,Crypto/Trading,721,1505,1459.61,2196711.65,0.0401,0.0941,34.45,1,86.65,1
M01533,Gaming,32,2970,2019.24,5997145.51,0.0159,0.0754,-16.47,2,69.02,1
M01534,Travel,824,4671,3149.41,14710892.2,0.0158,0.0285,6.04,3,61.24,0
M01535,Retail,355,2954,2949.52,8712890.27,0.295,0.0127,-3.1,3,75.74,1
M01536,Electronics,311,4134,1277.26,5280178.36,0.1355,0.0321,-10.81,1,47.18,0
M01537,Education,372,4690,16357.07,76714675.92,0.0215,0.1495,29.58,1,100.0,1
M01538,Retail,405,1023,5884.6,6019949.51,0.0694,0.0144,-0.89,4,46.58,0
M01539,Education,227,2486,7501.28,18648175.26,0.0612,0.1657,16.85,5,100.0,1
M01540,Healthcare,150,2486,12077.47,30024593.92,0.0713,0.0191,17.06,0,51.86,0
M01541,Education,1649,1958,5433.56,10638910.35,0.027,0.0185,-1.74,0,13.55,0
M01542,Fashion,967,1959,3656.15,7162388.97,0.2372,0.0313,-31.38,2,75.2,1
M01543,Crypto/Trading,1243,1655,8764.72,14505607.18,0.0851,0.0093,-3.77,0,21.89,0
M01544,Travel,994,1718,3714.58,6381647.8,0.0485,0.0764,18.21,1,71.88,1
M01545,Services,1002,4547,2431.71,11057002.1,0.0748,0.0297,12.56,2,37.07,0
M01546,Gaming,1656,2111,333.04,703043.68,0.0353,0.032,-43.77,4,29.03,0
M01547,Fashion,1649,1915,5496.26,10525338.34,0.0343,0.0262,25.28,4,53.69,0
M01548,Education,837,4260,8140.82,34679884.24,0.2322,0.0735,-8.84,1,78.59,1
M01549,Food & Beverage,692,3418,3834.37,13105888.66,0.0974,0.0198,19.32,0,60.79,0
M01550,Travel,1493,1093,5150.13,5629096.42,0.0669,0.0245,25.37,1,50.37,0
M01551,Fashion,1013,2422,1353.69,3278631.25,0.0113,0.0066,16.76,0,38.19,0
M01552,Gaming,365,4915,1307.23,6425032.3,0.111,0.0373,52.05,2,99.46,1
M01553,Crypto/Trading,1017,3232,11787.53,38097289.31,0.066,0.056,29.98,3,68.58,1
M01554,Travel,1357,4057,3342.06,13558727.94,0.0775,0.0337,-6.34,2,35.99,0
M01555,Gaming,1166,1171,3645.68,4269085.89,0.0656,0.0568,-3.79,4,51.86,0
M01556,Healthcare,897,2465,4848.34,11951160.13,0.1863,0.0112,3.12,0,56.17,0
M01557,Healthcare,1838,1976,1382.29,2731404.72,0.045,0.0128,-3.79,4,23.54,0
M01558,Gaming,1873,4578,5027.13,23014212.49,0.0656,0.0304,14.24,1,36.57,0
M01559,Fashion,136,3927,11440.84,44928173.46,0.0835,0.009,-23.35,1,34.57,0
M01560,Travel,1139,827,2138.49,1768533.43,0.0863,0.0606,39.56,2,84.43,1
M01561,Fashion,1018,206,7582.68,1562031.32,0.1863,0.0319,6.04,3,69.58,1
M01562,Electronics,613,4847,3392.77,16444738.94,0.0587,0.0221,38.83,3,77.18,1
M01563,Education,1832,4544,2425.92,11023374.21,0.0431,0.0587,-24.59,0,29.14,0
M01564,Electronics,1411,1327,14037.99,18628407.28,0.0468,0.0097,-24.5,2,6.79,0
M01565,Healthcare,1938,2304,10435.62,24043657.66,0.0768,0.0214,31.98,3,57.5,0
M01566,Crypto/Trading,1023,4886,7709.91,37670635.73,0.0622,0.0214,-11.18,1,31.47,0
M01567,Retail,60,777,4677.2,3634183.76,0.1682,0.0063,-19.92,1,51.36,0
M01568,Education,1062,4251,3690.98,15690366.47,0.1017,0.0171,34.1,2,64.82,0
M01569,Healthcare,1495,4907,7208.83,35373729.84,0.1505,0.0243,-15.3,0,39.77,0
M01570,Fashion,1329,3874,3824.55,14816300.38,0.0382,0.0941,4.53,1,40.61,0
M01571,Fashion,1330,4286,357.78,1533445.72,0.0219,0.0517,-8.54,1,34.83,0
M01572,Fashion,1759,2226,1105.16,2460077.35,0.1302,0.0283,23.94,2,50.45,0
M01573,Crypto/Trading,788,3578,12094.8,43275200.25,0.2569,0.116,10.67,3,100.0,1
M01574,Electronics,1440,1600,4359.37,6974989.2,0.1289,0.0298,27.78,5,75.06,1
M01575,Retail,1802,981,3067.58,3009298.38,0.0836,0.0342,-24.97,4,34.39,0
M01576,Fashion,823,3867,7662.98,29632729.87,0.0221,0.0089,11.03,1,20.99,0
M01577,Services,1646,3595,1943.7,6987587.42,0.0263,0.0133,7.29,0,11.77,0
M01578,Education,1438,895,4470.32,4000932.31,0.1671,0.0206,-13.72,3,42.78,0
M01579,Travel,1379,2438,4756.54,11596438.25,0.1309,0.0261,-20.89,0,36.62,0
M01580,Services,1655,4218,2485.18,10482510.2,0.044,0.0332,2.82,3,25.04,0
M01581,Retail,429,1021,4232.02,4320888.9,0.2981,0.0262,-2.27,0,72.85,1
M01582,Crypto/Trading,1215,3404,1601.11,5450183.56,0.1605,0.0434,34.5,2,90.92,1
M01583,Retail,992,4086,1195.19,4883558.08,0.1055,0.0087,25.64,3,67.75,1
M01584,Travel,834,2865,3431.94,9832506.21,0.2041,0.034,-12.15,2,58.8,0
M01585,Education,1034,1501,5844.07,8771950.32,0.04,0.036,-1.42,3,38.82,0
M01586,Travel,1864,3321,4281.28,14218131.78,0.0963,0.1181,18.67,2,78.67,1
M01587,Gaming,1983,677,3439.16,2328308.1,0.0685,0.0039,21.42,0,19.51,0
M01588,Education,576,2800,2699.1,7557491.54,0.0157,0.0678,34.72,1,70.17,1
M01589,Retail,380,442,2654.51,1173294.86,0.1257,0.0074,3.4,2,32.3,0
M01590,Fashion,945,3701,996.52,3688130.39,0.1321,0.0086,8.98,1,28.19,0
M01591,Retail,1944,4286,8276.03,35471059.68,0.1045,0.038,-39.5,0,33.83,0
M01592,Retail,670,2730,4780.21,13049976.2,0.0982,0.0428,-22.75,0,47.16,0
M01593,Education,1464,472,6508.24,3071889.94,0.1235,0.024,27.78,0,65.47,1
M01594,Gaming,978,2417,4136.47,9997846.97,0.1528,0.0822,-22.3,3,86.49,1
M01595,Retail,1342,1995,2124.54,4238460.57,0.032,0.008,-36.89,3,25.05,0
M01596,Services,1170,1677,936.03,1569715.73,0.035,0.0291,24.22,4,49.01,0
M01597,Healthcare,211,2561,3406.68,8724503.55,0.0831,0.0222,-4.87,2,37.66,0
M01598,Food & Beverage,1469,3095,1492.18,4618289.46,0.069,0.0451,-14.87,3,34.38,0
M01599,Food & Beverage,322,3184,1788.24,5693759.48,0.1107,0.0165,-31.97,0,41.99,0
M01600,Retail,126,2986,8646.96,25819821.22,0.037,0.0046,-31.8,2,26.12,0
M01601,Services,1699,2073,7690.09,15941563.2,0.1928,0.0557,-6.16,3,51.96,0
M01602,Fashion,946,307,4086.9,1254679.05,0.0398,0.0132,1.47,0,26.34,0
M01603,Crypto/Trading,1836,3237,2955.05,9565500.43,0.0221,0.0048,36.1,3,51.64,0
M01604,Crypto/Trading,584,3874,782.19,3030206.62,0.0108,0.0467,1.67,5,44.83,0
M01605,Education,253,1467,533.09,782040.08,0.0757,0.0596,-3.02,4,64.4,0
M01606,Food & Beverage,546,627,5487.37,3440582.1,0.0929,0.0223,-2.23,2,55.07,0
M01607,Retail,1635,4572,5711.14,26111352.44,0.0857,0.0042,-51.32,3,34.65,0
M01608,Crypto/Trading,84,1784,1202.0,2144361.49,0.1649,0.0078,-7.25,0,39.65,0
M01609,Retail,1839,1245,1327.44,1652668.2,0.1133,0.0153,20.87,1,56.83,0
M01610,Education,395,1255,5065.89,6357697.11,0.0704,0.0212,7.17,1,49.59,0
M01611,Food & Beverage,1936,1049,6836.19,7171159.46,0.0531,0.0464,24.39,1,62.67,0
M01612,Travel,1243,2691,6499.77,17490880.54,0.0173,0.041,32.05,3,59.78,0
M01613,Healthcare,484,3982,9363.6,37285869.98,0.1007,0.0235,-36.13,1,35.81,0
M01614,Healthcare,427,4562,12721.9,58037290.08,0.0329,0.0069,-11.26,3,32.1,0
M01615,Crypto/Trading,356,4950,2377.64,11769303.02,0.1027,0.0474,30.1,1,66.59,1
M01616,Healthcare,1562,3197,1165.85,3727215.07,0.0344,0.0097,7.62,1,29.13,0
M01617,Travel,649,3742,1180.86,4418783.59,0.1074,0.0114,1.26,1,33.78,0
M01618,Retail,948,4926,1715.6,8451049.65,0.1345,0.0096,30.84,0,62.33,0
M01619,Education,964,1495,4004.34,5986483.94,0.0379,0.1185,-14.79,1,83.77,1
M01620,Travel,885,2916,3174.21,9255986.24,0.0695,0.0171,-13.29,2,30.5,0
M01621,Education,772,828,2147.62,1778231.08,0.0821,0.0606,-14.93,3,57.85,0
M01622,Education,1212,998,3555.24,3548130.1,0.1415,0.0112,-28.24,3,38.84,0
M01623,Food & Beverage,1215,2483,2010.74,4992667.58,0.0262,0.0254,-0.54,5,35.76,0
M01624,Retail,673,745,5229.48,3895966.0,0.0318,0.0317,9.51,1,39.47,0
M01625,Services,34,2521,7106.47,17915422.06,0.1385,0.0068,-21.1,3,60.14,0
M01626,Healthcare,1213,3382,3964.59,13408247.77,0.0431,0.009,2.32,0,26.93,0
M01627,Services,719,1236,2197.84,2716531.44,0.1652,0.0106,-9.95,0,40.0,0
M01628,Food & Beverage,1534,4071,4730.34,19257196.11,0.0702,0.0341,3.08,5,47.27,0
M01629,Education,1889,2217,5288.22,11723984.86,0.117,0.082,41.11,4,93.65,1
M01630,Crypto/Trading,1194,2826,3746.68,10588106.11,0.0996,0.0238,7.15,1,52.55,0
M01631,Healthcare,186,798,1271.43,1014599.78,0.1163,0.0063,7.65,1,26.82,0
M01632,Healthcare,294,992,536.91,532618.24,0.0708,0.0484,55.95,2,91.5,1
M01633,Retail,72,2830,4679.85,13243973.14,0.1901,0.0498,-7.68,1,74.09,1
M01634,Gaming,1012,2143,7596.05,16278329.69,0.0629,0.0422,20.32,2,65.22,1
M01635,Electronics,671,618,2898.04,1790986.08,0.0957,0.0365,-8.28,4,64.39,0
M01636,Electronics,675,3361,405.61,1363260.31,0.2421,0.024,24.64,0,78.87,1
M01637,Electronics,165,244,6675.31,1628776.51,0.0613,0.035,-17.62,2,42.84,0
M01638,Gaming,1915,860,1003.19,862742.62,0.0586,0.1657,-3.37,2,81.7,1
M01639,Retail,1502,1834,3880.87,7117515.28,0.0475,0.0412,-9.03,2,42.34,0
M01640,Gaming,1082,4829,5730.34,27671830.24,0.1247,0.0343,-21.09,2,42.69,0
M01641,Electronics,976,1126,890.65,1002867.21,0.1276,0.0022,-48.16,8,53.77,0
M01642,Food & Beverage,858,144,5597.03,805972.04,0.0163,0.1139,15.19,1,72.19,1
M01643,Travel,1117,3266,1513.76,4943954.52,0.2045,0.0048,-10.92,4,63.39,0
M01644,Education,1394,2951,6944.59,20493485.45,0.2454,0.0535,-1.79,1,57.96,0
M01645,Gaming,698,4145,2823.59,11703760.48,0.0525,0.1266,1.76,5,67.75,1
M01646,Retail,157,2991,1553.64,4646948.58,0.065,0.0615,-31.65,1,54.77,0
M01647,Retail,1663,2037,4087.75,8326749.73,0.0513,0.0116,-4.83,3,29.68,0
M01648,Services,351,2435,1941.54,4727654.78,0.0553,0.0017,-39.67,1,24.37,0
M01649,Travel,485,4610,2557.2,11788679.35,0.0722,0.0299,-6.49,1,26.24,0
M01650,Crypto/Trading,1096,3116,7100.91,22126438.31,0.1152,0.0201,42.45,2,79.53,1
M01651,Healthcare,1734,1629,6418.89,10456364.61,0.1007,0.018,-8.45,1,24.39,0
M01652,Electronics,1393,737,1971.46,1452967.59,0.1217,0.01,-23.69,3,39.14,0
M01653,Crypto/Trading,570,3581,1903.15,6815194.79,0.0968,0.0405,-7.25,1,45.65,0
M01654,Services,336,1036,1705.72,1767130.39,0.1138,0.0679,44.21,3,87.57,1
M01655,Electronics,1802,3585,9614.72,34468775.21,0.0508,0.0121,-6.23,1,20.01,0
M01656,Travel,1769,4721,2606.35,12304578.63,0.0151,0.0246,-33.75,1,21.96,0
M01657,Services,1174,4490,5186.45,23287153.48,0.0165,0.041,-40.64,3,34.58,0
M01658,Electronics,999,1980,4893.29,9688706.08,0.1527,0.0504,-5.13,1,47.06,0
M01659,Travel,224,1068,7680.15,8202394.95,0.0606,0.0905,25.33,1,100.0,1
M01660,Fashion,444,1377,2172.88,2992051.87,0.0885,0.0066,16.03,5,62.44,0
M01661,Crypto/Trading,1924,3446,1779.3,6131484.73,0.1595,0.0077,32.45,1,45.77,0
M01662,Crypto/Trading,961,135,6151.95,830513.5,0.0988,0.0211,20.7,1,71.59,1
M01663,Healthcare,732,2115,3174.13,6713288.31,0.08,0.0269,5.28,2,40.76,0
M01664,Travel,1351,1821,1919.39,3495200.32,0.0648,0.0867,-61.02,5,76.57,1
M01665,Gaming,41,2166,4094.23,8868103.3,0.0331,0.0196,39.62,3,78.32,1
M01666,Fashion,679,1640,2306.02,3781871.12,0.2608,0.0244,-31.42,5,79.92,1
M01667,Food & Beverage,294,4800,10651.32,51126330.24,0.1098,0.0173,62.77,2,100.0,1
M01668,Electronics,1338,2970,2736.61,8127726.76,0.0439,0.0409,-14.17,4,27.0,0
M01669,Fashion,438,3812,4847.05,18476965.17,0.0432,0.0126,-13.14,1,34.71,0
M01670,Travel,1510,2961,4043.32,11972268.09,0.0824,0.0188,-8.32,2,28.06,0
M01671,Education,295,4925,1218.94,6003257.26,0.0664,0.0064,5.34,3,62.11,0
M01672,Electronics,1177,997,2214.94,2208299.51,0.1628,0.0354,-29.27,1,34.35,0
M01673,Retail,1457,3086,996.47,3075116.01,0.1331,0.034,-17.12,5,56.5,0
M01674,Crypto/Trading,1052,803,2178.8,1749576.98,0.1021,0.017,28.36,0,57.34,0
M01675,Travel,27,260,5011.65,1303029.8,0.0402,0.0477,38.53,4,82.87,1
M01676,Retail,778,1573,2518.41,3961459.32,0.0844,0.0477,-22.63,2,47.87,0
M01677,Healthcare,599,4598,3799.65,17470812.17,0.0244,0.0105,13.34,2,34.83,0
M01678,Services,1404,1032,9829.64,10144189.98,0.1526,0.0209,-8.09,2,35.43,0
M01679,Food & Beverage,1208,206,4484.01,923706.47,0.0547,0.0236,17.55,4,44.16,0
M01680,Food & Beverage,1019,1901,2984.09,5672758.76,0.1242,0.0479,-17.44,2,52.32,0
M01681,Retail,203,4606,4658.43,21456746.44,0.0465,0.0031,23.28,1,53.2,0
M01682,Crypto/Trading,511,450,3017.12,1357703.94,0.0231,0.0293,1.67,6,44.18,0
M01683,Healthcare,997,258,6458.64,1666327.9,0.021,0.0458,-7.31,0,12.8,0
M01684,Education,1146,2365,2348.1,5553260.94,0.1248,0.0036,4.07,1,34.19,0
M01685,Crypto/Trading,123,95,4976.04,472723.69,0.181,0.0069,41.11,4,95.84,1
M01686,Fashion,1255,1376,4289.63,5902527.03,0.0565,0.0078,2.64,4,31.22,0
M01687,Food & Beverage,1711,4942,765.22,3781708.64,0.0223,0.0081,12.12,4,31.51,0
M01688,Fashion,956,2350,2901.52,6818566.93,0.1033,0.0408,7.25,5,70.42,1
M01689,Electronics,840,4706,5844.48,27504142.93,0.0781,0.0498,7.36,5,63.58,0
M01690,Gaming,1677,1922,5629.93,10820720.6,0.1022,0.0191,35.45,3,70.09,1
M01691,Travel,1930,4033,1998.4,8059539.46,0.0914,0.099,25.81,1,80.13,1
M01692,Healthcare,1297,4690,3132.53,14691545.73,0.0706,0.0122,-29.0,1,17.98,0
M01693,Crypto/Trading,934,2079,4828.31,10038059.84,0.0603,0.0409,18.72,3,68.97,1
M01694,Food & Beverage,64,160,1729.44,276710.47,0.0549,0.031,45.3,0,65.47,1
M01695,Fashion,1904,1809,4399.43,7958576.12,0.0306,0.0719,-0.82,3,26.59,0
M01696,Services,1676,3646,337.8,1231608.16,0.0842,0.012,26.37,3,51.57,0
M01697,Electronics,809,36,2816.99,101411.58,0.0937,0.0139,-64.13,3,45.3,0
M01698,Travel,787,4368,4309.24,18822771.61,0.1342,0.0438,-19.15,3,63.02,0
M01699,Travel,1491,484,7452.16,3606844.27,0.1658,0.0165,64.87,1,81.81,1
M01700,Crypto/Trading,1911,4491,3233.33,14520889.61,0.0582,0.0139,24.08,1,38.62,0
M01701,Healthcare,171,1847,3047.84,5629351.44,0.1144,0.0138,10.46,1,39.06,0
M01702,Education,1413,3048,16180.22,49317320.25,0.1677,0.004,51.02,4,88.25,1
M01703,Services,96,539,5881.96,3170375.74,0.0196,0.0263,-22.77,2,39.22,0
M01704,Crypto/Trading,64,109,2393.21,260859.65,0.1817,0.0202,36.73,2,94.43,1
M01705,Fashion,1509,4835,4233.2,20467540.52,0.0507,0.0076,-16.44,1,24.86,0
M01706,Gaming,1833,2871,1621.01,4653908.39,0.0506,0.0049,7.37,2,27.36,0
M01707,Retail,1211,2863,9656.73,27647216.41,0.0649,0.0076,-35.62,1,13.01,0
M01708,Education,1424,4745,2294.22,10886081.39,0.1054,0.0687,-4.59,2,50.97,0
M01709,Healthcare,1382,1904,3093.87,5890719.76,0.0967,0.0048,38.09,1,46.97,0
M01710,Electronics,1041,4191,2519.87,10560763.45,0.0272,0.0333,-7.76,1,9.68,0
M01711,Education,842,945,1861.91,1759504.8,0.1047,0.023,17.33,3,65.31,1
M01712,Food & Beverage,322,3754,5726.24,21496297.05,0.2794,0.0994,-7.17,2,100.0,1
M01713,Healthcare,768,989,1160.14,1147377.03,0.0334,0.0018,15.77,4,35.26,0
M01714,Gaming,1868,1114,4217.9,4698744.2,0.2011,0.0205,23.62,1,55.32,0
M01715,Food & Beverage,452,3215,2005.17,6446617.18,0.1608,0.0161,-11.95,1,48.76,0
M01716,Education,1800,1424,4393.5,6256344.35,0.1454,0.0119,-16.63,1,27.16,0
M01717,Retail,337,3384,1690.04,5719100.83,0.0939,0.055,-5.06,0,61.54,0
M01718,Retail,1087,4310,10475.98,45151482.54,0.1149,0.0526,-5.6,1,47.3,0
M01719,Gaming,770,4002,3156.63,12632852.9,0.0502,0.0951,-45.6,1,54.12,0
M01720,Travel,1272,4343,9064.98,39369214.4,0.1868,0.0067,13.37,4,64.12,0
M01721,Services,1262,4033,7547.44,30438807.7,0.0586,0.0298,14.54,2,38.45,0
M01722,Electronics,588,4576,5375.09,24596409.82,0.0878,0.0316,-39.92,0,45.56,0
M01723,Travel,1084,4733,4050.9,19172928.05,0.0301,0.0177,25.97,0,41.07,0
M01724,Retail,1642,3112,2399.37,7466847.85,0.1388,0.0063,-4.99,3,43.21,0
M01725,Retail,1637,4179,5563.84,23251272.44,0.1151,0.0269,13.21,2,56.21,0
M01726,Fashion,1016,2094,823.81,1725065.68,0.2299,0.0361,-1.2,0,48.33,0
M01727,Food & Beverage,1297,304,3639.17,1106307.73,0.1529,0.0186,13.15,1,51.47,0
M01728,Education,1451,4953,1821.23,9020546.6,0.0544,0.0585,7.93,0,43.03,0
M01729,Electronics,1836,4946,4362.07,21574813.83,0.2182,0.0194,26.95,1,65.77,1
M01730,Gaming,105,1207,4723.67,5701466.11,0.0192,0.0147,5.05,0,41.02,0
M01731,Education,1121,3989,8863.97,35358386.14,0.1295,0.0437,23.85,2,70.66,1
M01732,Fashion,1111,2985,8456.23,25241855.58,0.0412,0.0204,40.62,4,56.63,0
M01733,Retail,1321,4339,2226.55,9660979.91,0.027,0.1024,2.95,4,62.49,0
M01734,Gaming,1153,803,6896.44,5537845.3,0.1235,0.0674,-1.59,2,54.34,0
M01735,Retail,823,969,3101.85,3005694.67,0.0293,0.0182,19.07,2,41.41,0
M01736,Electronics,500,3959,1683.47,6664869.34,0.1699,0.0233,-46.52,3,58.68,0
M01737,Food & Beverage,1945,64,8285.59,530277.71,0.0303,0.0207,-16.85,5,22.77,0
M01738,Education,461,1830,2204.33,4033921.45,0.1089,0.0156,-17.73,1,45.87,0
M01739,Education,1533,4586,1885.55,8647134.78,0.0333,0.047,18.8,2,61.68,0
M01740,Travel,174,2101,4392.21,9228035.95,0.027,0.0031,8.75,1,34.98,0
M01741,Gaming,191,3518,3501.49,12318235.5,0.2215,0.0087,36.7,3,99.47,1
M01742,Services,478,849,370.62,314654.08,0.1069,0.0099,35.2,1,58.44,0
M01743,Fashion,919,1929,4187.9,8078456.29,0.0736,0.0167,-44.03,0,35.39,0
M01744,Services,744,2601,4365.68,11355131.94,0.1002,0.023,-37.16,0,47.77,0
M01745,Travel,832,711,2797.53,1989043.74,0.0441,0.0193,5.97,1,43.57,0
M01746,Electronics,953,4039,7701.34,31105705.06,0.0694,0.0085,-33.67,3,28.6,0
M01747,Fashion,16,951,6114.56,5814944.74,0.2339,0.0779,-44.31,1,98.99,1
M01748,Food & Beverage,339,4956,8395.75,41609331.25,0.2136,0.0207,-13.45,0,71.01,1
M01749,Services,784,3426,1138.33,3899921.51,0.0981,0.0343,-47.13,3,45.12,0
M01750,Food & Beverage,1706,167,5143.35,858938.9,0.058,0.0066,-20.69,2,25.87,0
M01751,Services,160,1052,5060.47,5323610.01,0.0568,0.0307,22.78,1,55.84,0
M01752,Food & Beverage,1118,1331,2444.27,3253321.75,0.0589,0.0021,-7.15,3,16.63,0
M01753,Services,156,407,1637.88,666615.8,0.0463,0.0299,42.44,0,69.61,1
M01754,Food & Beverage,1657,3141,6362.52,19984687.19,0.0674,0.0181,-9.2,2,22.28,0
M01755,Travel,1414,1893,3191.77,6042027.42,0.2337,0.0322,18.83,0,67.76,1
M01756,Healthcare,924,3608,9649.83,34816595.62,0.0265,0.0213,-8.24,1,5.6,0
M01757,Fashion,1581,935,8994.1,8409487.69,0.1442,0.0107,-0.4,4,45.16,0
M01758,Gaming,1318,1898,1202.88,2283062.17,0.0931,0.0486,-4.81,2,44.38,0
M01759,Electronics,709,3768,3292.24,12405177.59,0.1616,0.0132,18.9,0,63.58,0
M01760,Crypto/Trading,91,297,4203.09,1248317.48,0.0528,0.0212,23.11,4,62.32,0
M01761,Retail,523,1997,1323.34,2642703.76,0.0773,0.0083,56.54,1,91.78,1
M01762,Gaming,1930,1879,4927.87,9259465.04,0.1795,0.0462,5.37,3,55.91,0
M01763,Retail,824,3056,5010.57,15312298.71,0.1715,0.0254,18.7,1,66.52,1
M01764,Fashion,718,3391,5467.77,18541214.78,0.2158,0.0097,-20.67,6,59.21,0
M01765,Gaming,1949,4733,4172.58,19748844.43,0.1385,0.0194,22.19,2,53.58,0
M01766,Food & Beverage,1556,2202,2984.31,6571459.57,0.0967,0.073,5.63,3,63.78,0
M01767,Food & Beverage,755,4695,3593.04,16869305.99,0.081,0.0192,-61.56,1,30.74,0
M01768,Crypto/Trading,1032,1190,1395.09,1660158.68,0.0939,0.0527,-16.72,1,53.92,0
M01769,Retail,1419,509,5352.0,2724169.19,0.092,0.0202,-46.84,2,29.2,0
M01770,Electronics,716,2545,660.9,1681988.31,0.1182,0.014,-13.46,1,48.25,0
M01771,Fashion,480,1202,3558.16,4276906.63,0.1626,0.0335,12.66,1,55.17,0
M01772,Food & Beverage,1152,4499,5648.3,25411700.94,0.043,0.0641,-2.47,1,43.05,0
M01773,Healthcare,405,4278,5325.96,22784454.17,0.0495,0.0033,20.4,6,80.03,1
M01774,Travel,1565,2508,6421.23,16104449.0,0.0463,0.0115,-53.69,2,2.73,0
M01775,Travel,270,1896,4375.19,8295367.03,0.0583,0.0031,28.96,1,61.09,0
M01776,Services,814,2482,1829.02,4539631.02,0.0813,0.0148,11.14,2,47.41,0
M01777,Electronics,943,1650,2848.61,4700202.99,0.1629,0.027,-26.62,0,43.35,0
M01778,Travel,1289,307,4987.74,1531236.32,0.1031,0.0132,4.38,2,46.15,0
M01779,Services,1767,4302,357.82,1539340.52,0.1192,0.0415,59.78,2,94.06,1
M01780,Retail,914,1927,7530.26,14510818.32,0.2897,0.0653,41.63,1,100.0,1
M01781,Food & Beverage,1259,1181,6725.77,7943139.53,0.124,0.0155,46.94,1,66.86,1
M01782,Food & Beverage,1086,149,1319.98,196676.98,0.034,0.0587,-0.32,3,43.36,0
M01783,Healthcare,949,2383,2850.99,6793913.01,0.1788,0.0312,33.41,1,77.58,1
M01784,Gaming,1900,163,1637.37,266891.24,0.0795,0.0158,37.76,3,57.04,0
M01785,Travel,1533,35,2137.17,74801.09,0.0964,0.0291,-21.1,3,33.4,0
M01786,Retail,1539,264,1108.88,292745.19,0.0234,0.0212,37.27,1,50.63,0
M01787,Education,863,946,4074.21,3854201.61,0.0638,0.0191,31.6,3,57.66,0
M01788,Travel,1397,3198,4865.57,15560079.31,0.2495,0.0044,-11.82,2,52.32,0
M01789,Electronics,1313,2196,3151.61,6920933.06,0.2482,0.0578,7.34,3,97.38,1
M01790,Gaming,602,906,5261.02,4766482.03,0.11,0.0145,38.95,0,74.28,1
M01791,Travel,723,360,4802.02,1728726.74,0.0807,0.0397,3.55,2,49.29,0
M01792,Retail,1191,2071,8692.5,18002160.58,0.1168,0.0046,27.09,3,48.67,0
M01793,Travel,641,3418,6247.22,21352996.83,0.0899,0.0123,-6.79,4,45.12,0
M01794,Electronics,68,3970,2947.61,11702018.46,0.0819,0.0132,-22.37,1,54.17,0
M01795,Education,1760,325,7071.23,2298148.63,0.0835,0.073,-24.98,1,39.05,0
M01796,Fashion,137,927,6246.73,5790719.18,0.0234,0.0285,-2.03,1,19.0,0
M01797,Crypto/Trading,745,2674,9327.87,24942735.1,0.1654,0.0067,15.96,6,73.34,1
M01798,Education,730,3812,1309.11,4990329.44,0.0411,0.0556,-38.93,2,59.41,0
M01799,Services,1915,4062,1417.82,5759202.71,0.0334,0.0302,53.16,3,79.18,1
M01800,Travel,1148,1391,1000.65,1391905.38,0.1357,0.0554,31.69,1,92.62,1
M01801,Food & Beverage,1242,340,1147.94,390299.03,0.0796,0.0035,17.85,0,24.89,0
M01802,Healthcare,535,4674,3977.24,18589604.68,0.0494,0.0325,25.39,1,55.19,0
M01803,Food & Beverage,530,4079,7674.85,31305723.84,0.0748,0.0128,-11.19,3,42.99,0
M01804,Education,561,1151,2702.44,3110511.12,0.1861,0.0314,-31.9,1,39.4,0
M01805,Food & Beverage,1995,2598,481.27,1250330.65,0.098,0.0146,15.25,2,38.57,0
M01806,Retail,246,4062,465.71,1891713.41,0.087,0.0386,31.1,4,78.66,1
M01807,Food & Beverage,1314,3387,6712.1,22733884.36,0.1212,0.0442,-7.34,2,46.74,0
M01808,Gaming,1392,837,825.59,691019.65,0.0312,0.0237,-18.6,1,25.39,0
M01809,Fashion,1234,31,1294.74,40136.8,0.0641,0.0321,-8.55,5,42.41,0
M01810,Travel,1791,214,6814.73,1458352.82,0.0497,0.0267,17.03,1,28.13,0
M01811,Food & Beverage,1311,2557,2300.49,5882365.69,0.1244,0.0043,20.05,1,51.97,0
M01812,Electronics,1268,2862,4222.01,12083401.71,0.0838,0.0373,50.25,5,81.21,1
M01813,Fashion,503,2249,2542.69,5718506.79,0.0503,0.0105,16.16,1,41.74,0
M01814,Fashion,13,3029,5533.13,16759856.7,0.0476,0.0261,-15.83,0,30.79,0
M01815,Food & Beverage,675,4771,2187.5,10436564.02,0.0442,0.1337,-2.43,0,78.85,1
M01816,Fashion,451,2097,8405.11,17625516.7,0.0117,0.097,-21.18,0,43.45,0
M01817,Healthcare,38,3887,2404.78,9347372.62,0.0523,0.0927,32.67,1,92.9,1
M01818,Food & Beverage,1142,4893,91.47,447570.53,0.0871,0.0165,-22.88,2,36.69,0
M01819,Retail,619,463,3095.21,1433080.47,0.0433,0.0338,-9.14,2,42.03,0
M01820,Education,1760,317,6231.52,1975393.42,0.0299,0.0216,17.04,1,40.73,0
M01821,Gaming,814,4923,7527.46,37057682.68,0.1365,0.0078,44.88,1,81.0,1
M01822,Crypto/Trading,84,864,3497.88,3022169.5,0.205,0.0717,76.4,1,100.0,1
M01823,Services,847,1035,1915.72,1982772.68,0.1403,0.0146,-28.51,1,25.48,0
M01824,Fashion,1179,1404,1259.42,1768230.81,0.0792,0.0093,20.94,1,48.15,0
M01825,Retail,137,1417,1679.28,2379535.38,0.0479,0.0118,4.42,1,46.76,0
M01826,Travel,1886,573,8224.08,4712395.49,0.0949,0.0687,-1.23,1,39.64,0
M01827,Travel,51,2370,5867.42,13905780.68,0.208,0.0159,-2.07,1,69.34,1
M01828,Services,1389,4536,1663.26,7544525.93,0.0897,0.0034,-25.87,1,31.17,0
M01829,Gaming,50,1289,5251.04,6768589.8,0.0567,0.1055,46.67,1,100.0,1
M01830,Fashion,943,1280,6051.73,7746220.35,0.0871,0.0623,-47.02,3,53.35,0
M01831,Healthcare,43,204,7119.38,1452353.91,0.0626,0.0527,1.31,2,49.39,0
M01832,Services,1050,4583,4607.57,21116505.17,0.0876,0.0816,42.43,1,100.0,1
M01833,Gaming,1710,2430,3694.34,8977239.48,0.0875,0.018,10.68,1,29.3,0
M01834,Fashion,1186,4451,4539.25,20204205.33,0.1722,0.0813,-11.76,1,64.18,0
M01835,Retail,1007,2229,3600.32,8025102.56,0.176,0.0636,-10.74,2,65.91,1
M01836,Education,1411,3692,4053.15,14964242.99,0.0554,0.0697,26.98,1,57.64,0
M01837,Healthcare,597,4703,4735.07,22269017.96,0.0487,0.0171,-2.64,3,41.1,0
M01838,Crypto/Trading,1632,1901,2147.52,4082437.37,0.0826,0.0354,4.2,3,40.2,0
M01839,Travel,1662,4316,4578.73,19761799.84,0.1181,0.0216,20.56,3,63.97,0
M01840,Electronics,1907,541,2858.33,1546355.24,0.2168,0.0053,28.25,1,67.96,1
M01841,Retail,351,1907,1452.87,2770616.92,0.0452,0.0356,-8.95,3,59.58,0
M01842,Travel,36,2572,4430.61,11395521.39,0.0337,0.0161,-29.14,0,18.59,0
M01843,Food & Beverage,1858,3829,2143.26,8206537.37,0.0127,0.0337,-20.07,0,6.57,0
M01844,Electronics,1320,4903,2392.97,11732750.94,0.1086,0.0219,39.52,1,66.48,1
M01845,Travel,655,4175,5489.57,22918954.83,0.1269,0.0955,6.71,0,77.0,1
M01846,Gaming,740,4693,3755.45,17624317.29,0.0874,0.0419,-26.23,2,46.16,0
M01847,Healthcare,177,4436,6933.19,30755623.21,0.0822,0.0312,-18.33,2,62.15,0
M01848,Travel,619,3499,7717.47,27003418.4,0.0282,0.0493,34.11,4,73.86,1
M01849,Crypto/Trading,277,1429,6980.28,9974823.41,0.0729,0.0035,7.17,2,45.06,0
M01850,Education,1782,1714,4140.95,7097586.96,0.1944,0.0392,-36.87,4,61.7,0
M01851,Gaming,830,4684,3114.32,14587492.81,0.0136,0.0465,-22.55,2,33.51,0
M01852,Retail,464,546,7203.35,3933030.91,0.0814,0.0083,33.82,3,70.64,1
M01853,Retail,915,2680,2955.74,7921376.52,0.018,0.012,-9.2,2,24.31,0
M01854,Retail,1718,2192,2201.29,4825221.62,0.065,0.0861,57.37,2,100.0,1
M01855,Retail,1434,4986,120.74,601992.5,0.045,0.0578,52.89,1,90.14,1
M01856,Education,931,299,3230.12,965804.4,0.06,0.0446,42.24,2,57.16,0
M01857,Travel,990,2984,1031.09,3076758.91,0.0709,0.0556,17.45,1,47.65,0
M01858,Fashion,1509,3997,3253.53,13004368.83,0.1873,0.0265,30.83,2,73.09,1
M01859,Travel,711,2689,1383.47,3720144.28,0.0921,0.048,3.6,3,64.7,0
M01860,Food & Beverage,643,2913,9316.16,27137973.76,0.1392,0.0387,4.25,3,63.34,0
M01861,Healthcare,1591,1771,861.39,1525518.61,0.0882,0.0349,-25.0,4,46.59,0
M01862,Electronics,1609,4001,823.1,3293238.09,0.0328,0.0331,3.89,2,53.49,0
M01863,Fashion,139,4789,589.1,2821199.51,0.1559,0.0121,-26.71,1,44.87,0
M01864,Fashion,1029,2381,2092.66,4982627.16,0.2078,0.0146,5.16,1,57.37,0
M01865,Travel,1855,4447,1602.96,7128370.31,0.4291,0.0127,-25.28,2,78.23,1
M01866,Fashion,1396,4151,6800.51,28228926.45,0.2079,0.021,-16.71,3,61.49,0
M01867,Services,1738,1728,4897.91,8463583.39,0.1314,0.0301,-58.87,3,50.96,0
M01868,Services,828,2706,584.91,1582764.03,0.0812,0.0239,-14.57,2,43.91,0
M01869,Food & Beverage,702,2915,6564.95,19136819.51,0.0212,0.1085,-12.99,3,79.75,1
M01870,Electronics,1325,4555,2066.68,9413744.23,0.1555,0.005,-2.72,1,45.79,0
M01871,Crypto/Trading,1404,2796,2872.73,8032146.24,0.0449,0.0361,34.77,5,73.26,1
M01872,Education,803,1139,393.72,448441.61,0.043,0.0038,3.68,2,28.06,0
M01873,Travel,38,3008,6110.39,18380040.87,0.04,0.0075,28.2,3,62.51,0
M01874,Education,158,4279,1531.97,6555307.04,0.0134,0.0043,29.22,4,44.22,0
M01875,Crypto/Trading,1812,4263,10477.76,44666696.57,0.029,0.0854,40.25,1,71.37,1
M01876,Travel,1329,214,1887.7,403967.77,0.0418,0.008,-17.65,0,8.46,0
M01877,Travel,20,682,6406.14,4368989.74,0.0552,0.1092,-24.55,5,93.89,1
M01878,Electronics,1545,499,1345.91,671609.45,0.1874,0.006,2.09,2,53.54,0
M01879,Education,685,4238,1959.0,8302262.4,0.0228,0.0764,-21.06,2,58.42,0
M01880,Services,1146,1443,2259.13,3259927.37,0.0094,0.0044,-0.74,1,13.67,0
M01881,Retail,196,2728,2185.4,5961774.55,0.1209,0.0056,-18.74,1,35.51,0
M01882,Education,816,3195,1536.57,4909335.06,0.1675,0.0363,-25.48,3,67.49,1
M01883,Healthcare,753,3834,1103.14,4229446.27,0.0775,0.0039,13.89,1,48.12,0
M01884,Healthcare,1260,2034,2145.84,4364633.86,0.0498,0.0685,51.63,0,82.8,1
M01885,Travel,1343,3809,2320.88,8840222.7,0.0858,0.0247,-1.26,0,29.81,0
M01886,Retail,107,4825,4386.17,21163279.05,0.1087,0.1388,11.93,3,100.0,1
M01887,Gaming,64,2463,2227.63,5486641.44,0.1104,0.0718,6.62,1,76.3,1
M01888,Crypto/Trading,632,931,1633.27,1520576.31,0.0424,0.0738,4.14,1,52.78,0
M01889,Food & Beverage,673,3233,2322.52,7508694.54,0.1341,0.0617,40.72,2,96.02,1
M01890,Retail,767,2384,1044.58,2490283.23,0.2332,0.0094,-1.92,2,47.69,0
M01891,Food & Beverage,415,3649,588.07,2145866.72,0.0457,0.0228,-75.97,4,45.92,0
M01892,Education,78,3492,5487.68,19162986.08,0.0909,0.0849,-16.93,2,86.84,1
M01893,Education,1345,700,4956.43,3469500.54,0.1194,0.0378,7.67,3,57.48,0
M01894,Food & Beverage,1322,4671,1866.02,8716183.57,0.1391,0.0174,2.33,1,47.83,0
M01895,Crypto/Trading,1795,629,3910.02,2459402.79,0.0551,0.0358,-0.74,2,36.75,0
M01896,Retail,1581,2176,805.0,1751671.05,0.0444,0.0368,-7.75,2,30.61,0
M01897,Gaming,760,3886,1202.59,4673271.52,0.0775,0.0158,7.15,2,41.95,0
M01898,Travel,1181,391,2804.65,1096617.97,0.0832,0.0206,56.38,3,78.62,1
M01899,Electronics,1500,635,5957.86,3783242.43,0.1294,0.0111,-3.16,2,42.67,0
M01900,Education,1772,2273,12987.38,29520322.8,0.0379,0.0478,59.08,3,87.09,1
M01901,Healthcare,1277,4962,3811.76,18913960.14,0.019,0.0313,16.79,2,50.06,0
M01902,Crypto/Trading,1524,4158,3975.4,16529700.97,0.0392,0.0474,-11.76,0,30.44,0
M01903,Electronics,1882,884,3436.85,3038179.01,0.2224,0.0309,26.67,1,56.94,0
M01904,Gaming,967,1288,2058.03,2650747.82,0.1266,0.0345,-55.87,4,49.34,0
M01905,Fashion,1540,804,7122.8,5726727.78,0.1012,0.0245,4.62,1,44.28,0
M01906,Travel,374,4591,677.97,3112541.5,0.0204,0.0637,17.96,7,78.62,1
M01907,Education,491,4198,2840.66,11925105.22,0.0718,0.0256,18.28,3,68.22,1
M01908,Travel,210,2257,5276.78,11909685.21,0.1138,0.0176,20.93,2,76.03,1
M01909,Electronics,163,4074,3543.79,14437390.61,0.0449,0.1023,23.12,2,97.96,1
M01910,Travel,1483,4915,988.24,4857189.13,0.2215,0.0024,12.43,1,59.43,0
M01911,Fashion,1534,955,758.54,724403.06,0.0633,0.0107,23.07,4,27.39,0
M01912,Electronics,82,4000,2841.42,11365694.36,0.0678,0.0467,-8.99,1,49.14,0
M01913,Education,722,2358,601.44,1418202.6,0.027,0.0529,34.41,3,74.45,1
M01914,Retail,305,345,9496.05,3276136.39,0.0944,0.053,-6.5,2,65.47,1
M01915,Healthcare,1050,1554,3331.89,5177754.45,0.0967,0.051,33.92,0,72.46,1
M01916,Electronics,1674,3500,5039.13,17636967.12,0.0376,0.0176,4.5,0,7.57,0
M01917,Services,1250,3881,6462.48,25080892.42,0.0175,0.0182,10.45,1,17.01,0
M01918,Fashion,70,2005,3204.24,6424494.49,0.0938,0.0065,27.05,4,65.72,1
M01919,Electronics,948,4952,4673.58,23143578.27,0.0526,0.1051,42.66,0,100.0,1
M01920,Electronics,1649,4623,3296.05,15237653.55,0.1458,0.0297,6.01,4,56.3,0
M01921,Services,51,2798,3100.04,8673899.26,0.0976,0.0765,10.4,2,83.13,1
M01922,Education,34,1290,3411.37,4400663.77,0.0378,0.0262,-59.57,1,27.03,0
M01923,Electronics,1072,660,18312.13,12086002.98,0.044,0.0712,-16.73,3,62.19,0
M01924,Healthcare,1836,4723,5864.02,27695768.84,0.0161,0.0624,-32.78,4,38.46,0
M01925,Travel,140,4098,15461.3,63360411.3,0.0845,0.149,-5.13,1,100.0,1
M01926,Education,1531,4681,3312.46,15505609.93,0.1452,0.0117,-11.7,0,21.22,0
M01927,Healthcare,1262,1387,9422.87,13069521.29,0.056,0.0036,-14.78,2,22.48,0
M01928,Education,117,4062,1499.84,6092351.92,0.0382,0.0359,-20.84,4,46.85,0
M01929,Healthcare,181,2595,6186.79,16054708.18,0.0132,0.0235,18.13,2,55.16,0
M01930,Fashion,1468,3623,681.83,2470263.78,0.0387,0.0503,-39.76,3,48.08,0
M01931,Healthcare,1511,1601,2016.38,3228218.7,0.1318,0.0454,-22.28,2,43.78,0
M01932,Food & Beverage,111,2006,2914.97,5847429.22,0.0376,0.0717,5.83,3,73.33,1
M01933,Healthcare,875,2260,327.01,739032.55,0.0397,0.0104,29.24,1,59.1,0
M01934,Retail,533,3986,2080.9,8294461.08,0.1415,0.0199,-18.25,2,57.71,0
M01935,Retail,284,2125,7811.11,16598618.99,0.054,0.0021,31.26,3,55.5,0
M01936,Crypto/Trading,1646,148,5701.43,843811.21,0.0984,0.0338,-63.3,2,34.41,0
M01937,Food & Beverage,1077,4821,1245.39,6004035.49,0.1187,0.0448,5.05,5,62.28,0
M01938,Food & Beverage,1988,4016,5347.52,21475623.1,0.0891,0.0062,12.65,1,36.66,0
M01939,Travel,826,871,5863.11,5106767.47,0.1386,0.0282,-19.71,2,53.25,0
M01940,Food & Beverage,966,4123,4875.5,20101672.58,0.068,0.0357,-27.75,4,36.74,0
M01941,Travel,1050,2096,4609.13,9660741.4,0.08,0.0162,8.17,3,43.39,0
M01942,Crypto/Trading,339,3014,2691.96,8113561.71,0.0734,0.0127,4.11,1,52.07,0
M01943,Crypto/Trading,1602,3764,6889.02,25930271.55,0.0356,0.0447,-15.29,2,41.07,0
M01944,Fashion,1856,2776,6393.61,17748648.75,0.0777,0.0252,-2.22,1,21.37,0
M01945,Retail,1530,1664,8940.1,14876320.72,0.1191,0.0505,-10.05,2,36.49,0
M01946,Healthcare,1848,4391,7154.46,31415220.1,0.1308,0.0149,36.27,4,64.13,0
M01947,Healthcare,21,3164,1167.06,3692582.96,0.1657,0.0913,22.0,3,100.0,1
M01948,Services,1351,262,2732.82,715999.78,0.0468,0.0123,9.84,5,38.01,0
M01949,Services,1625,4105,74.98,307783.27,0.1571,0.0429,52.18,3,87.37,1
M01950,Gaming,225,190,1314.0,249659.56,0.0805,0.038,30.87,5,89.42,1
M01951,Education,348,672,1668.11,1120969.91,0.0192,0.005,36.1,5,46.14,0
M01952,Fashion,1809,3532,2203.47,7782672.58,0.1622,0.0179,44.53,1,81.01,1
M01953,Gaming,670,1519,8237.48,12512735.62,0.031,0.0237,1.1,0,34.36,0
M01954,Gaming,1114,2119,5184.39,10985722.37,0.0288,0.0273,-25.45,1,30.5,0
M01955,Electronics,1760,2178,6684.86,14559629.45,0.0473,0.0209,-39.6,2,28.62,0
M01956,Electronics,1518,1992,6036.48,12024663.59,0.0194,0.0693,23.48,4,63.97,0
M01957,Gaming,383,3945,2317.31,9141776.25,0.1088,0.0051,-19.16,2,40.32,0
M01958,Food & Beverage,985,2278,6879.82,15672221.41,0.169,0.0064,88.17,3,100.0,1
M01959,Education,719,4059,2132.05,8653981.62,0.0582,0.0758,-16.06,3,59.65,0
M01960,Fashion,1233,2055,9198.45,18902805.82,0.1334,0.0693,-20.37,0,58.49,0
M01961,Gaming,1570,3291,1982.96,6525911.58,0.0104,0.0438,24.44,2,53.16,0
M01962,Healthcare,475,877,5718.56,5015181.36,0.1574,0.0217,24.96,2,74.36,1
M01963,Education,1122,3843,4074.39,15657872.67,0.0599,0.0133,49.92,0,61.3,0
M01964,Electronics,1301,1069,602.99,644596.21,0.0729,0.0148,-1.24,2,15.88,0
M01965,Healthcare,1688,4010,2097.64,8411526.83,0.0641,0.0763,34.0,1,79.96,1
M01966,Electronics,1604,318,3303.9,1050639.61,0.0346,0.0451,0.94,1,39.57,0
M01967,Electronics,1955,943,1719.11,1621118.66,0.0293,0.0185,18.65,1,30.75,0
M01968,Education,498,4252,2579.55,10968248.6,0.0178,0.0125,-0.34,1,35.64,0
M01969,Electronics,1910,4326,7043.7,30471058.11,0.1363,0.0206,52.85,2,80.9,1
M01970,Crypto/Trading,1571,2819,2157.0,6080578.97,0.0808,0.0392,61.69,1,68.76,1
M01971,Retail,56,4895,659.42,3227865.49,0.0643,0.0105,-24.75,1,27.86,0
M01972,Crypto/Trading,1321,4082,282.1,1151524.08,0.0551,0.0809,36.93,0,73.03,1
M01973,Retail,787,4065,3124.74,12702055.94,0.1258,0.0409,-18.26,0,42.49,0
M01974,Services,1049,1822,3162.57,5762207.65,0.0054,0.0147,34.05,1,47.03,0
M01975,Services,720,2733,13689.48,37413337.32,0.096,0.0083,46.0,4,71.96,1
M01976,Electronics,410,4526,3787.35,17141529.12,0.0216,0.0453,-19.05,4,62.88,0
M01977,Fashion,1952,2873,3334.12,9578926.9,0.0728,0.0921,-25.56,3,40.01,0
M01978,Fashion,1827,2677,2330.73,6239357.2,0.0373,0.0162,-7.38,4,25.16,0
M01979,Retail,990,4542,3220.45,14627264.63,0.1369,0.0965,34.2,2,96.6,1
M01980,Healthcare,1119,3366,9384.02,31586594.62,0.0199,0.0035,16.89,0,16.29,0
M01981,Education,259,1491,9368.18,13967959.63,0.0354,0.039,-1.21,2,49.03,0
M01982,Electronics,400,2969,4255.75,12635334.0,0.0914,0.0196,23.03,0,47.88,0
M01983,Education,1815,961,1078.48,1036416.47,0.1057,0.0462,-2.3,2,42.53,0
M01984,Crypto/Trading,344,1927,3536.86,6815524.56,0.1228,0.0404,8.29,2,56.18,0
M01985,Fashion,638,4857,780.07,3788823.21,0.1061,0.002,18.63,1,32.98,0
M01986,Food & Beverage,1552,1263,6118.63,7727828.79,0.0738,0.014,16.94,3,41.91,0
M01987,Crypto/Trading,146,4443,2367.71,10519755.54,0.1237,0.0165,47.26,3,92.96,1
M01988,Crypto/Trading,892,1486,426.79,634212.05,0.1094,0.085,-25.06,3,65.72,1
M01989,Retail,697,3977,1750.67,6962399.3,0.1346,0.0304,28.67,1,81.86,1
M01990,Travel,1873,1986,4533.23,9002993.21,0.0395,0.0511,-18.51,3,39.0,0
M01991,Crypto/Trading,1531,395,7573.85,2991669.12,0.032,0.0034,-5.12,2,22.64,0
M01992,Electronics,836,282,3658.52,1031703.93,0.0927,0.0274,1.01,1,35.08,0
M01993,Gaming,736,4382,5377.93,23566086.87,0.1936,0.0292,-5.58,2,54.31,0
M01994,Gaming,1510,3408,7162.52,24409863.39,0.0959,0.046,-28.62,2,40.96,0
M01995,Electronics,603,3415,5163.71,17634062.16,0.1339,0.0446,-6.27,3,58.08,0
M01996,Travel,1256,1964,5275.36,10360808.21,0.1104,0.0269,11.81,2,46.53,0
M01997,Travel,999,1913,2857.69,5466757.14,0.0988,0.0248,1.65,2,33.21,0
M01998,Retail,381,3654,3394.58,12403788.91,0.0764,0.0423,41.81,2,90.35,1
M01999,Fashion,944,1672,3469.22,5800538.42,0.1841,0.015,2.3,0,34.27,0
